"id","minority","female","ses","mathach"
"1224",0,1,-1.528,5.876
"1224",0,1,-0.588,19.708
"1224",0,1,-0.618,-2.832
"1224",0,1,-0.888,1.527
"1224",0,1,-1.448,9.475
"1224",0,1,-0.658,16.057
"1224",0,1,-0.988,20.178
"1224",0,1,-0.678,20.508
"1224",0,1,0.042,2.927
"1224",0,1,0.062,13.653
"1224",0,1,-0.128,6.558
"1224",0,1,0.472,9.653
"1224",0,1,0.832,5.166
"1224",0,1,-0.568,6.399
"1224",0,1,-0.258,6.821
"1224",0,1,-0.138,9.255
"1224",0,1,-0.478,3.745
"1224",0,1,-0.948,0.858
"1224",0,1,0.282,11.542
"1224",0,1,-0.118,13.255
"1224",0,1,0.972,2.059
"1224",0,1,-1.068,2.381
"1224",0,1,-0.248,16.336
"1224",0,1,-1.398,6.134
"1224",0,1,0.752,23.584
"1224",0,1,0.012,14.053
"1224",0,1,-0.418,2.183
"1288",0,1,-0.788,7.857
"1288",0,1,0.352,22.919
"1288",0,1,0.202,13.543
"1288",0,1,0.152,3.534
"1288",0,1,-0.678,20.173
"1288",0,1,0.332,10.772
"1288",0,1,-0.728,2.619
"1288",0,1,1.262,21.3
"1288",0,1,0.692,18.402
"1288",0,1,1.082,20.69
"1317",0,1,0.882,12.862
"1317",0,1,1.372,20.748
"1317",0,1,0.132,14.752
"1317",0,1,0.502,23.355
"1317",0,1,-0.578,11.502
"1317",0,1,0.702,13.677
"1317",0,1,-0.098,11.064
"1317",0,1,0.582,15.784
"1317",0,1,0.992,11.621
"1317",0,1,0.542,18.939
"1317",0,1,0.812,20.236
"1317",0,1,1.122,4.508
"1317",0,1,0.062,18.827
"1358",0,1,-1.088,8.054
"1358",0,1,-0.018,18.687
"1358",0,1,-1.408,3.792
"1358",0,1,0.362,7.564
"1358",0,1,0.312,10.184
"1358",0,1,-0.678,2.933
"1358",0,1,-0.168,7.519
"1358",0,1,0.232,10.19
"1358",0,1,-0.038,14.646
"1358",0,1,-0.398,17.191
"1374",0,1,-0.148,18.804
"1374",0,1,0.842,16.759
"1374",0,1,0.332,10.593
"1374",0,1,0.452,7.603
"1374",0,1,-1.218,2.881
"1374",0,1,0.492,20.93
"1374",0,1,-0.758,7.653
"1374",0,1,-0.298,8.082
"1374",0,1,-0.478,5.503
"1374",0,1,0.192,9.004
"1436",0,1,0.792,15.132
"1436",0,1,1.342,22.387
"1436",0,1,1.002,13.12
"1436",0,1,0.482,17.495
"1436",0,1,1.512,15.615
"1436",0,1,0.242,11.001
"1436",0,1,1.222,17.103
"1436",0,1,-0.298,21.56
"1436",0,1,1.042,18.471
"1436",0,1,0.482,16.568
"1436",0,1,0.212,6.798
"1436",0,1,0.342,5.51
"1436",0,1,1.512,18.827
"1436",0,1,1.212,20.268
"1436",0,1,0.782,20.818
"1461",0,1,0.042,12.962
"1461",0,1,1.282,24.545
"1461",0,1,1.122,13.314
"1461",0,1,1.172,16.929
"1461",0,1,-1.108,3.796
"1461",0,1,0.822,14.581
"1461",0,1,0.482,18.719
"1461",0,1,0.902,12.595
"1461",0,1,1.022,17.326
"1461",0,1,0.602,15.918
"1461",0,1,1.202,18.858
"1461",0,1,1.102,24.993
"1461",0,1,1.012,20.928
"1461",0,1,-0.258,2.895
"1461",0,1,0.982,18.471
"1461",0,1,0.462,18.831
"1461",0,1,0.532,18.114
"1461",0,1,0.492,21.09
"1461",0,1,1.262,17.483
"1477",0,1,-0.178,14.15
"1477",0,1,0.982,9.349
"1477",0,1,0.462,23.765
"1477",0,1,-0.388,19.269
"1477",0,1,0.002,21.951
"1477",0,1,-0.588,16.337
"1477",0,1,0.642,16.061
"1477",0,1,0.892,11.724
"1477",0,1,1.152,19.401
"1477",0,1,-0.518,2.186
"1477",0,1,0.002,23.204
"1477",0,1,-0.658,18.777
"1477",0,1,0.702,23.004
"1477",0,1,0.152,10.714
"1477",0,1,-0.218,12.59
"1477",0,1,1.312,22.396
"1477",0,1,0.652,7.275
"1477",0,1,0.652,14.809
"1477",0,1,1.512,6.946
"1477",0,1,0.152,8.856
"1477",0,1,-0.918,9.44
"1477",0,1,1.072,4.999
"1477",0,1,0.252,7.873
"1477",0,1,-1.408,0.466
"1477",0,1,-0.268,14.958
"1477",0,1,-0.158,20.844
"1477",0,1,-0.208,5.418
"1499",0,1,-0.678,5.608
"1499",0,1,-0.158,18.352
"1499",0,1,-0.468,5.949
"1499",0,1,-0.218,10.258
"1499",0,1,-0.368,1.73
"1499",0,1,-1.178,6.394
"1499",0,1,-0.958,2.042
"1499",0,1,-0.008,13.72
"1499",0,1,-0.498,-2.195
"1499",0,1,-0.258,8.519
"1499",0,1,-0.648,-1.744
"1499",0,1,-0.178,6.795
"1499",0,1,0.832,5.35
"1499",0,1,0.362,23.542
"1499",0,1,-0.148,21.421
"1499",0,1,-0.938,3.676
"1499",0,1,0.842,14.056
"1499",0,1,-1.118,4.267
"1499",0,1,0.542,5.681
"1637",0,1,-0.688,18.052
"1637",0,1,-1.278,6.065
"1637",0,1,0.362,20.394
"1906",0,1,0.382,20.455
"1906",0,1,1.082,22.826
"1906",0,1,-0.538,16.801
"1906",0,1,-0.588,23.482
"1906",0,1,-0.298,20.115
"1906",0,1,-0.518,4.805
"1906",0,1,0.382,21.122
"1906",0,1,0.152,10.484
"1906",0,1,-0.088,21.028
"1906",0,1,-0.068,14.798
"1906",0,1,0.462,11.586
"1906",0,1,0.362,7.297
"1906",0,1,1.512,18.386
"1906",0,1,1.122,18.531
"1906",0,1,0.292,7.663
"1906",0,1,-0.138,24.479
"1906",0,1,0.532,12.916
"1906",0,1,1.512,6.992
"1906",0,1,1.012,24.479
"1906",0,1,0.632,12.152
"1906",0,1,0.892,21.572
"1906",0,1,1.292,17.926
"1906",0,1,1.012,10.257
"1906",0,1,-0.048,20.194
"1906",0,1,1.012,16.312
"1909",0,1,0.272,18.478
"1909",0,1,-1.288,7.892
"1909",0,1,0.642,17.342
"1909",0,1,0.182,13.907
"1909",0,1,0.892,14.593
"1909",0,1,-0.138,4.605
"1909",0,1,-0.718,15.322
"1909",0,1,-0.148,18.638
"1909",0,1,0.892,17.06
"1909",0,1,0.312,22.585
"1909",0,1,-0.968,4.967
"1942",0,1,0.802,16.387
"1942",0,1,1.072,24.993
"1942",0,1,0.702,21.084
"1942",0,1,1.282,23.023
"1942",0,1,0.052,11.015
"1942",0,1,1.052,23.613
"1942",0,1,1.192,16.903
"1942",0,1,0.212,20.979
"1942",0,1,0.002,9.468
"1942",0,1,0.132,18.211
"1942",0,1,0.442,21.991
"1942",0,1,0.642,14.13
"1942",0,1,1.242,20.088
"1942",0,1,0.442,22.288
"1942",0,1,1.512,3.209
"1942",0,1,0.532,14.702
"1946",0,1,-0.308,9.154
"1946",0,1,0.052,1.755
"1946",0,1,0.762,23.834
"1946",0,1,0.172,7.833
"1946",0,1,0.062,11.71
"1946",0,1,-0.758,16.863
"1946",0,1,0.632,2.913
"1946",0,1,-0.648,6.358
"1946",0,1,-0.118,7.938
"1946",0,1,-1.378,7.937
"1946",0,1,0.492,22.254
"1946",0,1,0.312,12.624
"1946",0,1,-0.588,14.393
"1946",0,1,-0.458,17.672
"1946",0,1,-1.398,3.605
"1946",0,1,-0.128,7.778
"1946",0,1,-0.248,10.79
"1946",0,1,-0.138,4.468
"1946",0,1,-0.318,3.209
"2030",0,1,0.072,9.733
"2030",0,1,0.782,20.932
"2030",0,1,1.512,7.054
"2030",0,1,0.552,23.108
"2030",0,1,-0.828,9.32
"2030",0,1,-0.118,4.756
"2030",0,1,0.972,9.184
"2030",0,1,-0.188,2.796
"2030",0,1,-0.538,15.564
"2030",0,1,0.712,16.257
"2030",0,1,-1.178,11.883
"2030",0,1,1.142,1.227
"2030",0,1,1.042,2.625
"2030",0,1,0.932,13.732
"2030",0,1,0.502,19.118
"2030",0,1,0.242,6.72
"2030",0,1,0.112,12.692
"2030",0,1,0.212,16.569
"2030",0,1,0.352,11.47
"2208",0,1,0.002,17.075
"2208",0,1,-0.318,5.958
"2208",0,1,-0.268,13.684
"2208",0,1,-0.148,17.699
"2208",0,1,-0.478,7.847
"2208",0,1,1.392,18.46
"2208",0,1,1.152,23.141
"2208",0,1,0.202,7.237
"2208",0,1,0.662,22.057
"2208",0,1,-0.298,4.206
"2208",0,1,0.792,12.281
"2208",0,1,1.392,17.706
"2208",0,1,0.432,20.026
"2208",0,1,-0.108,21.744
"2208",0,1,0.562,14.315
"2208",0,1,0.182,3.51
"2208",0,1,-0.118,10.983
"2208",0,1,-0.438,7.956
"2208",0,1,1.002,7.155
"2208",0,1,0.572,17.536
"2208",0,1,0.182,4.786
"2208",0,1,0.482,14.15
"2208",0,1,-0.068,19.604
"2208",0,1,-0.908,17.839
"2208",0,1,0.772,6.078
"2208",0,1,0.932,23.529
"2208",0,1,-0.118,16.353
"2208",0,1,0.212,21.009
"2208",0,1,1.122,16.76
"2208",0,1,1.202,16.302
"2208",0,1,0.682,19.196
"2208",0,1,0.802,11.457
"2208",0,1,1.032,20.3
"2208",0,1,0.242,14.845
"2208",0,1,-0.218,2.957
"2277",0,1,-0.598,10.24
"2277",0,1,-0.798,6.932
"2277",0,1,-0.548,13.643
"2277",0,1,-0.218,18.532
"2277",0,1,-1.448,2.891
"2277",0,1,-1.158,2.38
"2277",0,1,-0.398,18.118
"2277",0,1,-0.898,-1.722
"2277",0,1,-1.208,10.92
"2277",0,1,0.442,5.449
"2277",0,1,-1.328,14.476
"2277",0,1,-1.008,10.967
"2277",0,1,-1.448,9.048
"2277",0,1,-0.118,2.837
"2305",0,1,0.162,5.624
"2305",0,1,-1.178,10.839
"2305",0,1,-1.088,10.581
"2336",0,1,0.502,17.563
"2336",0,1,1.012,14.767
"2336",0,1,0.532,4.472
"2336",0,1,0.722,20.346
"2336",0,1,0.972,20.255
"2336",0,1,0.912,21.774
"2336",0,1,1.072,19.484
"2336",0,1,1.092,18.736
"2336",0,1,0.842,17.54
"2336",0,1,0.082,20.389
"2336",0,1,-0.918,11.351
"2336",0,1,-0.158,21.085
"2336",0,1,-0.258,10.038
"2336",0,1,1.392,17.242
"2336",0,1,-0.138,10.951
"2336",0,1,1.072,18.487
"2336",0,1,-0.428,12.356
"2336",0,1,-0.858,11.23
"2336",0,1,0.072,6.902
"2336",0,1,-0.638,11.571
"2336",0,1,-0.098,24.993
"2458",0,1,-0.048,21.403
"2458",0,1,1.302,14.005
"2458",0,1,0.402,19.153
"2458",0,1,0.312,23.044
"2458",0,1,1.512,22.681
"2458",0,1,1.072,24.488
"2458",0,1,1.082,21.451
"2458",0,1,1.342,15.496
"2458",0,1,0.192,6.952
"2458",0,1,0.872,11.466
"2458",0,1,0.772,9.49
"2458",0,1,0.422,22.466
"2458",0,1,0.502,20.689
"2458",0,1,0.722,18.814
"2458",0,1,0.052,10.138
"2458",0,1,-0.828,10.352
"2458",0,1,0.382,19.322
"2458",0,1,1.092,13.071
"2458",0,1,0.512,9.018
"2458",0,1,0.462,10.278
"2458",0,1,0.312,12.293
"2458",0,1,0.432,9.327
"2467",0,1,-1.388,7.278
"2467",0,1,-0.308,10.838
"2467",0,1,-0.648,0.462
"2467",0,1,0.382,23.126
"2467",0,1,-0.108,0.436
"2467",0,1,-0.428,11.796
"2467",0,1,-1.158,6.681
"2467",0,1,-0.138,14.965
"2467",0,1,-0.598,19.048
"2467",0,1,-0.278,13.718
"2467",0,1,-0.218,17.59
"2467",0,1,0.532,16.866
"2467",0,1,-0.798,2.851
"2467",0,1,-0.588,24.012
"2467",0,1,-0.358,12.031
"2467",0,1,-0.658,7.262
"2467",0,1,-0.598,4.076
"2467",0,1,-0.908,5.191
"2467",0,1,-0.118,10.623
"2467",0,1,-0.158,2.669
"2467",0,1,-0.208,9.273
"2467",0,1,-0.308,19.114
"2467",0,1,0.212,8.125
"2467",0,1,-0.678,13.456
"2467",0,1,-0.618,4.667
"2467",0,1,-0.238,5.316
"2526",0,1,-0.528,19.112
"2526",0,1,0.522,16.9
"2526",0,1,0.692,19.698
"2526",0,1,0.412,17.776
"2526",0,1,0.852,20.733
"2526",0,1,0.752,10.941
"2526",0,1,1.222,18.86
"2526",0,1,0.172,18.392
"2526",0,1,-0.668,12.087
"2526",0,1,-0.258,16.605
"2526",0,1,-0.028,12.09
"2526",0,1,1.122,24.993
"2526",0,1,0.632,21.453
"2526",0,1,-0.358,17.178
"2526",0,1,-0.118,19.963
"2526",0,1,0.142,16.036
"2526",0,1,1.122,18.227
"2526",0,1,-0.588,22.412
"2526",0,1,0.842,17.262
"2526",0,1,-0.188,12.712
"2526",0,1,0.232,22.841
"2526",0,1,-0.168,22.437
"2526",0,1,1.512,17.212
"2526",0,1,-0.298,11.594
"2526",0,1,0.812,17.008
"2526",0,1,-0.008,13.369
"2526",0,1,0.032,19.47
"2526",0,1,1.212,17.064
"2526",0,1,-0.348,21.537
"2526",0,1,0.212,11.453
"2526",0,1,1.292,12.838
"2526",0,1,0.532,10.81
"2526",0,1,0.262,16.602
"2526",0,1,0.512,22.387
"2526",0,1,0.202,9.628
"2526",0,1,0.552,14.569
"2526",0,1,0.352,22.381
"2526",0,1,-0.258,17.491
"2526",0,1,-0.428,20.592
"2526",0,1,1.262,11.739
"2526",0,1,-1.168,19.698
"2526",0,1,-0.408,15.184
"2526",0,1,0.472,18.236
"2526",0,1,0.492,2.81
"2526",0,1,1.152,23.59
"2526",0,1,0.702,24.247
"2526",0,1,0.842,22.039
"2526",0,1,0.192,22.541
"2526",0,1,0.932,12.738
"2526",0,1,0.422,18.77
"2526",0,1,0.762,9.843
"2526",0,1,0.562,11.436
"2526",0,1,0.802,12.841
"2526",0,1,1.022,22.354
"2526",0,1,-0.228,20.372
"2526",0,1,-0.708,7.359
"2626",0,1,0.492,11.331
"2626",0,1,-0.948,6.624
"2626",0,1,-0.428,12.141
"2626",0,1,0.112,15.039
"2626",0,1,0.822,21.004
"2626",0,1,0.062,10.274
"2626",0,1,-0.448,10.35
"2626",0,1,-1.308,-2.544
"2626",0,1,-0.138,11.136
"2626",0,1,0.312,9.414
"2626",0,1,-0.118,13.897
"2626",0,1,-0.688,2.57
"2626",0,1,0.072,15.783
"2626",0,1,0.012,15.397
"2626",0,1,-0.098,17.411
"2626",0,1,-0.258,17.917
"2626",0,1,0.402,6.745
"2626",0,1,0.482,7.693
"2651",0,1,0.542,12.146
"2651",0,1,0.532,20.648
"2651",0,1,-0.808,9.011
"2651",0,1,-0.008,12.2
"2651",0,1,0.592,15.189
"2651",0,1,-0.188,4.706
"2651",0,1,0.152,11.076
"2651",0,1,0.062,2.255
"2651",0,1,0.032,22.245
"2651",0,1,-0.888,8.1
"2651",0,1,-0.528,-1.923
"2651",0,1,0.162,13.972
"2651",0,1,0.522,12.432
"2651",0,1,-0.338,-0.687
"2651",0,1,-1.768,4.97
"2651",0,1,-0.008,2.983
"2655",0,1,-0.968,5.108
"2655",0,1,-0.668,17.89
"2655",0,1,-0.168,21.934
"2655",0,1,-0.358,19.514
"2655",0,1,-1.608,1.27
"2655",0,1,0.162,14.665
"2658",0,1,-0.028,7.02
"2658",0,1,0.702,9.459
"2658",0,1,1.422,12.779
"2658",0,1,-0.398,5.368
"2658",0,1,0.252,19.28
"2658",0,1,0.952,12.86
"2658",0,1,0.462,14.366
"2658",0,1,1.022,16.154
"2658",0,1,0.672,13.662
"2658",0,1,-0.408,18.324
"2658",0,1,-0.308,13.242
"2658",0,1,0.482,22.924
"2658",0,1,0.652,16.172
"2658",0,1,0.302,16.757
"2658",0,1,-0.568,-0.279
"2658",0,1,0.712,18.037
"2658",0,1,0.782,18.19
"2658",0,1,0.322,13.466
"2658",0,1,0.842,15.498
"2658",0,1,0.482,19.082
"2658",0,1,0.512,16.587
"2768",0,1,-1.958,5.666
"2768",0,1,0.362,6.49
"2768",0,1,0.282,14.487
"2768",0,1,0.332,10.159
"2768",0,1,0.782,17.824
"2768",0,1,-1.168,5.853
"2768",0,1,-0.458,6.012
"2768",0,1,1.362,11.419
"2768",0,1,0.082,3.835
"2768",0,1,0.732,17.314
"2771",0,1,-0.438,9.528
"2771",0,1,-0.328,17.129
"2771",0,1,-0.778,13.353
"2771",0,1,-0.478,18.901
"2771",0,1,-0.418,10.896
"2771",0,1,0.132,6.324
"2771",0,1,-0.048,22.896
"2771",0,1,0.152,21.657
"2771",0,1,-0.308,12.176
"2771",0,1,0.622,21.071
"2771",0,1,-0.678,-2.832
"2771",0,1,-0.618,7.558
"2771",0,1,0.382,18.739
"2771",0,1,-0.498,5.744
"2771",0,1,-0.798,8.252
"2771",0,1,0.032,19.244
"2771",0,1,0.342,17.634
"2771",0,1,-1.158,10.187
"2771",0,1,0.112,9.595
"2771",0,1,-1.498,6.086
"2771",0,1,-0.438,1.317
"2771",0,1,-0.658,14.66
"2771",0,1,-0.128,17.606
"2771",0,1,-0.078,13.495
"2771",0,1,-0.338,10.2
"2771",0,1,-1.098,21.02
"2771",0,1,-0.608,8.321
"2771",0,1,-0.678,1.955
"2818",0,1,-0.408,17.432
"2818",0,1,0.912,16.656
"2818",0,1,0.052,17.465
"2818",0,1,0.382,14.834
"2818",0,1,-0.048,16.251
"2818",0,1,-0.888,5.834
"2818",0,1,0.692,21.059
"2818",0,1,0.212,5.849
"2818",0,1,0.422,11.555
"2818",0,1,0.252,18.498
"2818",0,1,-0.428,12.654
"2818",0,1,0.662,16.931
"2818",0,1,0.892,16.733
"2818",0,1,0.582,8.775
"2818",0,1,0.942,21.085
"2818",0,1,-0.598,14.698
"2818",0,1,-0.238,7.645
"2818",0,1,0.362,17.883
"2818",0,1,-0.888,6.464
"2818",0,1,0.272,14.189
"2818",0,1,-0.258,17.847
"2917",0,1,0.102,21.499
"2995",0,1,-0.298,13.641
"2995",0,1,0.482,16.358
"2995",0,1,-1.688,17.47
"2995",0,1,0.162,4.933
"2995",0,1,-0.268,3.066
"2995",0,1,-0.948,0.635
"2995",0,1,-0.758,8.297
"2995",0,1,-0.708,7.128
"2995",0,1,-1.688,12.825
"2995",0,1,-0.038,19.253
"2995",0,1,-0.998,-0.535
"2995",0,1,-0.838,14.888
"2995",0,1,1.232,8.533
"2995",0,1,-1.618,19.705
"2995",0,1,0.792,13.142
"2995",0,1,0.602,20.998
"2995",0,1,0.062,-1.011
"3013",0,1,0.202,1.263
"3013",0,1,0.092,17.047
"3013",0,1,0.002,13.695
"3013",0,1,0.412,20.317
"3013",0,1,0.142,13.491
"3013",0,1,0.262,17.485
"3013",0,1,-0.278,3.18
"3013",0,1,-0.428,16.722
"3013",0,1,-0.968,5.696
"3013",0,1,-0.778,-1.1
"3013",0,1,-0.048,10.899
"3013",0,1,0.372,12.215
"3013",0,1,0.402,14.92
"3013",0,1,-0.578,-0.008
"3013",0,1,0.102,7.7
"3013",0,1,0.512,5.783
"3013",0,1,0.032,18.846
"3013",0,1,0.772,22.854
"3020",0,1,-0.308,5.137
"3020",0,1,-1.098,9.819
"3020",0,1,0.902,22.012
"3020",0,1,0.692,16.083
"3020",0,1,0.682,21.474
"3020",0,1,0.342,17.756
"3020",0,1,0.772,19.702
"3020",0,1,0.682,11.789
"3020",0,1,-0.118,7.395
"3020",0,1,1.032,12.158
"3020",0,1,-0.498,11.461
"3020",0,1,-1.258,4.094
"3020",0,1,-0.468,10.755
"3020",0,1,-0.148,21.164
"3020",0,1,0.132,15.936
"3020",0,1,0.482,14.254
"3020",0,1,-0.538,14.128
"3020",0,1,0.902,16.42
"3020",0,1,0.222,17.291
"3020",0,1,0.212,22.245
"3020",0,1,1.182,24.319
"3020",0,1,-0.968,24.993
"3020",0,1,0.152,22.781
"3020",0,1,-0.398,16.205
"3020",0,1,-0.308,14.069
"3020",0,1,0.692,17.839
"3020",0,1,0.712,-2.528
"3020",0,1,0.212,13.555
"3020",0,1,0.572,21.011
"3020",0,1,-0.278,8.057
"3020",0,1,0.932,17.393
"3020",0,1,0.662,14.94
"3020",0,1,-1.128,11.591
"3020",0,1,0.942,8.656
"3020",0,1,1.152,3.571
"3020",0,1,-0.258,10.857
"3020",0,1,0.052,6.151
"3020",0,1,0.262,13.335
"3020",0,1,0.132,21.468
"3020",0,1,-0.718,3.617
"3020",0,1,-0.548,22.151
"3020",0,1,1.092,17.699
"3020",0,1,0.232,18.828
"3020",0,1,0.702,17.757
"3020",0,1,0.842,10.247
"3020",0,1,0.612,20.066
"3020",0,1,0.582,19.287
"3020",0,1,0.232,17.706
"3020",0,1,0.602,9.664
"3020",0,1,-0.148,18.686
"3020",0,1,-0.078,-0.451
"3020",0,1,0.942,20.069
"3020",0,1,0.212,17.39
"3020",0,1,1.182,13.656
"3020",0,1,0.012,2.172
"3020",0,1,0.072,11.485
"3088",0,1,0.352,13.758
"3088",0,1,0.702,22.091
"3088",0,1,-0.038,15.095
"3088",0,1,-0.138,7.731
"3088",0,1,0.032,18.384
"3088",0,1,0.002,4.828
"3088",0,1,-0.418,16.941
"3088",0,1,-0.338,19.106
"3088",0,1,-0.408,8.896
"3152",0,1,0.012,12.032
"3152",0,1,0.882,16.855
"3152",0,1,-1.138,8.486
"3152",0,1,0.542,5.826
"3152",0,1,0.612,23.08
"3152",0,1,1.072,17.58
"3152",0,1,1.172,13.564
"3152",0,1,-0.778,8.789
"3152",0,1,0.652,12.714
"3152",0,1,-1.368,1.439
"3152",0,1,-0.138,5.576
"3152",0,1,-0.298,19.71
"3152",0,1,-0.428,-2.094
"3152",0,1,0.822,22.553
"3152",0,1,-0.778,8.491
"3152",0,1,-1.038,20.36
"3152",0,1,-0.908,10.161
"3152",0,1,-0.508,7.024
"3152",0,1,0.332,12.152
"3152",0,1,-0.648,9.781
"3152",0,1,-0.168,-1.237
"3152",0,1,1.262,15.562
"3152",0,1,-0.788,7.537
"3152",0,1,-0.938,12.144
"3152",0,1,1.262,18.943
"3152",0,1,1.212,18.282
"3332",0,1,0.952,16.781
"3332",0,1,-0.218,22.317
"3332",0,1,0.372,0.996
"3332",0,1,0.532,21.848
"3332",0,1,0.302,2.204
"3332",0,1,-0.468,12.782
"3332",0,1,0.882,16.163
"3332",0,1,1.362,15.93
"3332",0,1,0.752,19.805
"3332",0,1,0.062,6.246
"3332",0,1,1.142,14.997
"3332",0,1,1.042,13.567
"3332",0,1,-0.188,5.719
"3332",0,1,0.022,7.341
"3332",0,1,-0.248,17.632
"3332",0,1,0.672,15.569
"3332",0,1,0.082,7.554
"3332",0,1,0.972,16.206
"3332",0,1,-0.628,11.531
"3332",0,1,1.012,23.619
"3332",0,1,1.262,10.749
"3332",0,1,1.162,18.119
"3332",0,1,0.762,22.896
"3332",0,1,0.522,12.143
"3351",0,1,0.582,8.879
"3351",0,1,1.372,6.98
"3351",0,1,0.262,13.294
"3351",0,1,0.032,17.262
"3351",0,1,0.532,12.815
"3351",0,1,0.982,13.233
"3351",0,1,-0.708,-0.417
"3351",0,1,0.932,13.276
"3351",0,1,0.592,2.781
"3351",0,1,-0.018,15.227
"3351",0,1,0.672,-0.598
"3351",0,1,0.512,17.175
"3351",0,1,-0.258,12.905
"3351",0,1,1.122,24.993
"3377",0,1,-1.458,12.873
"3498",0,1,1.152,4.259
"3498",0,1,-0.078,13.372
"3498",0,1,0.892,13.488
"3498",0,1,1.222,21.797
"3498",0,1,0.682,3.213
"3498",0,1,-1.088,19.8
"3498",0,1,0.102,4.845
"3498",0,1,1.182,21.444
"3498",0,1,0.982,21.035
"3498",0,1,-0.148,10.276
"3498",0,1,0.532,21.366
"3498",0,1,0.472,15.495
"3498",0,1,0.572,18.704
"3498",0,1,-0.098,17.769
"3498",0,1,1.282,12.357
"3498",0,1,1.082,21.051
"3498",0,1,0.422,21.539
"3498",0,1,0.042,17.922
"3498",0,1,0.452,16.85
"3498",0,1,0.192,10.937
"3498",0,1,0.282,16.848
"3498",0,1,0.802,16.686
"3499",0,1,-0.748,7.605
"3499",0,1,0.792,17.419
"3499",0,1,0.502,23.294
"3499",0,1,1.342,20.432
"3499",0,1,-0.098,14.298
"3499",0,1,0.802,13.816
"3499",0,1,-1.168,19.923
"3499",0,1,0.562,22.468
"3499",0,1,1.342,19.258
"3499",0,1,0.932,11.363
"3499",0,1,0.752,17.867
"3499",0,1,-0.028,15.259
"3499",0,1,-0.028,19.406
"3499",0,1,0.192,12.543
"3499",0,1,1.082,18.148
"3533",0,1,0.482,2.21
"3533",0,1,0.252,-0.06
"3533",0,1,-0.938,-2.142
"3533",0,1,-0.818,2.117
"3533",0,1,0.472,6.68
"3533",0,1,0.592,2.834
"3533",0,1,0.232,0.432
"3533",0,1,-0.218,12.114
"3533",0,1,-0.438,16.069
"3533",0,1,-0.208,4.25
"3533",0,1,0.472,13.957
"3533",0,1,-0.008,13.51
"3533",0,1,-0.418,10.121
"3533",0,1,0.622,18.261
"3533",0,1,-0.408,4.799
"3610",0,1,0.322,16.902
"3610",0,1,0.342,18.94
"3610",0,1,-0.078,21.734
"3610",0,1,0.012,17.522
"3610",0,1,-0.448,15.053
"3610",0,1,-0.418,4.695
"3610",0,1,0.432,14.63
"3610",0,1,-0.488,16.854
"3610",0,1,0.652,23.336
"3610",0,1,0.472,18.111
"3610",0,1,-0.578,22.813
"3610",0,1,1.262,23.723
"3610",0,1,0.892,9.03
"3610",0,1,1.292,11.243
"3610",0,1,-0.318,9.993
"3610",0,1,0.092,19.533
"3610",0,1,-0.408,9.762
"3610",0,1,-0.248,21.776
"3610",0,1,-0.408,19.899
"3657",0,1,-1.258,2.832
"3657",0,1,-0.288,13.156
"3657",0,1,0.452,17.508
"3657",0,1,-0.748,5.122
"3657",0,1,-0.478,7.147
"3657",0,1,-1.048,17.736
"3657",0,1,-0.438,3.967
"3657",0,1,-1.398,0.93
"3657",0,1,-0.538,11.809
"3657",0,1,1.022,12.267
"3657",0,1,-1.068,8.152
"3657",0,1,-0.858,6.504
"3657",0,1,-1.948,-1.073
"3657",0,1,-1.358,5.528
"3657",0,1,-0.928,1.471
"3657",0,1,-0.918,2.993
"3657",0,1,-1.358,3.583
"3657",0,1,-0.128,6.506
"3657",0,1,-1.148,24.993
"3657",0,1,0.212,23.413
"3657",0,1,-1.038,4.858
"3657",0,1,-1.838,2.957
"3657",0,1,-0.678,0.008
"3657",0,1,0.172,3.973
"3657",0,1,-1.058,11.771
"3657",0,1,-0.458,6.69
"3657",0,1,-1.068,-1.045
"3657",0,1,-0.898,1.125
"3657",0,1,-2.008,5.891
"3688",0,1,0.132,11.233
"3688",0,1,0.542,21.734
"3688",0,1,-0.028,1.776
"3688",0,1,0.182,7.838
"3688",0,1,0.722,21.161
"3688",0,1,0.762,23.363
"3688",0,1,-0.008,21.023
"3688",0,1,1.332,24.138
"3688",0,1,0.062,19.719
"3688",0,1,0.482,7.043
"3688",0,1,0.732,22.022
"3688",0,1,0.392,18.839
"3688",0,1,0.442,17.999
"3688",0,1,0.102,20.358
"3688",0,1,-0.458,20.449
"3688",0,1,0.362,5.425
"3688",0,1,0.722,18.309
"3688",0,1,0.132,8.156
"3688",0,1,0.512,22.031
"3688",0,1,0.902,14.129
"3688",0,1,-0.138,7.762
"3688",0,1,0.932,15.969
"3688",0,1,1.432,18.614
"3688",0,1,-0.078,6.928
"3688",0,1,-0.058,21.935
"3688",0,1,0.222,17.308
"3688",0,1,-0.358,21.444
"3688",0,1,0.752,19.62
"3688",0,1,1.072,19.566
"3688",0,1,1.262,20.677
"3688",0,1,0.152,1.84
"3688",0,1,0.952,11.178
"3688",0,1,-0.048,3.078
"3688",0,1,-1.408,19.906
"3688",0,1,0.382,15.102
"3688",0,1,0.852,10.226
"3688",0,1,0.542,14.372
"3688",0,1,0.532,11.252
"3688",0,1,0.502,13.589
"3688",0,1,0.502,14.073
"3688",0,1,0.422,11.021
"3688",0,1,-0.288,6.938
"3705",0,1,0.802,16.286
"3705",0,1,1.292,12.963
"3705",0,1,1.512,8.845
"3705",0,1,0.112,10.921
"3705",0,1,0.592,16.918
"3705",0,1,0.752,4.054
"3705",0,1,-0.178,16.977
"3705",0,1,0.182,17.57
"3705",0,1,1.452,17.517
"3705",0,1,0.192,-0.128
"3705",0,1,0.622,20.067
"3716",0,1,0.502,15.271
"3716",0,1,-0.358,5.206
"3716",0,1,-0.508,20.271
"3716",0,1,-0.188,8.052
"3716",0,1,0.482,23.912
"3716",0,1,-0.418,20.579
"3716",0,1,1.262,21.512
"3838",0,1,0.642,10.041
"3838",0,1,-0.318,9.545
"3838",0,1,1.072,16.25
"3838",0,1,1.132,17.645
"3838",0,1,0.952,17.732
"3838",0,1,0.812,20.322
"3838",0,1,0.532,13.402
"3838",0,1,0.342,12.424
"3838",0,1,0.102,20.583
"3838",0,1,-0.578,22.365
"3838",0,1,0.142,12.05
"3838",0,1,-0.388,24.623
"3838",0,1,0.212,12.005
"3838",0,1,0.682,15.513
"3838",0,1,-0.728,23.053
"3838",0,1,-0.108,19.685
"3838",0,1,0.942,8.675
"3838",0,1,0.552,22.862
"3881",0,1,0.042,0.785
"3881",0,1,0.712,7.293
"3881",0,1,-0.008,16.815
"3881",0,1,0.762,15.85
"3881",0,1,0.162,10.853
"3881",0,1,-0.138,5.29
"3881",0,1,-0.468,15.77
"3881",0,1,-0.208,2.875
"3881",0,1,0.382,3.631
"3881",0,1,-0.238,23.736
"3881",0,1,1.172,12.535
"3881",0,1,-0.628,8.141
"3881",0,1,0.542,6.373
"3881",0,1,0.992,13.388
"3881",0,1,1.152,24.079
"3881",0,1,-0.058,14.7
"3967",0,1,-0.498,14.543
"3967",0,1,-0.798,13.424
"3967",0,1,-0.948,9.09
"3967",0,1,-0.538,14.43
"3967",0,1,-0.388,11.489
"3967",0,1,-0.858,10.613
"3967",0,1,-0.208,14.805
"3967",0,1,1.082,23.664
"3967",0,1,-0.808,10.786
"3967",0,1,0.552,15.241
"3967",0,1,0.782,12.924
"3967",0,1,-0.248,17.995
"3967",0,1,-1.328,-0.052
"3967",0,1,-1.048,8.199
"3967",0,1,-0.038,19.423
"3967",0,1,-0.278,2.913
"3967",0,1,-0.158,16.354
"3967",0,1,-1.128,19.138
"3967",0,1,-0.358,-1.476
"3967",0,1,-0.498,5.253
"3967",0,1,-0.508,17.147
"3992",0,1,0.502,13.568
"3992",0,1,0.292,17.031
"3992",0,1,1.452,22.708
"3992",0,1,1.272,18.596
"3992",0,1,-0.048,19.798
"3992",0,1,0.462,24.479
"3992",0,1,1.422,13.492
"3992",0,1,-0.178,14.083
"3992",0,1,1.122,16.165
"3992",0,1,1.312,13.056
"3992",0,1,0.842,22.443
"3992",0,1,0.682,16.498
"3992",0,1,0.452,16.331
"3992",0,1,0.252,18.595
"3999",0,1,-0.408,8.878
"3999",0,1,0.172,14.054
"3999",0,1,0.322,19.493
"3999",0,1,0.102,4.178
"3999",0,1,1.222,10.092
"3999",0,1,-0.208,-1.646
"3999",0,1,1.222,17.527
"4042",0,1,0.932,19.666
"4042",0,1,0.242,18.506
"4042",0,1,0.732,23.172
"4042",0,1,1.372,18.269
"4042",0,1,0.772,22.923
"4042",0,1,1.282,14.311
"4042",0,1,0.462,12.055
"4042",0,1,0.702,16.001
"4042",0,1,-0.328,13.684
"4042",0,1,0.452,24.364
"4042",0,1,0.892,23.468
"4042",0,1,-0.108,3.454
"4042",0,1,0.792,14.5
"4042",0,1,0.512,16.003
"4042",0,1,0.802,6.16
"4042",0,1,-0.498,11.843
"4042",0,1,1.062,18.708
"4042",0,1,0.792,18.872
"4042",0,1,-0.338,22.676
"4042",0,1,0.412,20.427
"4042",0,1,0.312,22.489
"4042",0,1,-0.478,12.206
"4042",0,1,-0.118,6.24
"4042",0,1,0.952,11.733
"4042",0,1,-0.588,22.419
"4042",0,1,-0.568,5.962
"4042",0,1,-0.338,8.638
"4042",0,1,-0.418,-0.164
"4042",0,1,0.252,18.19
"4173",0,1,0.142,6.958
"4173",0,1,0.492,20.706
"4173",0,1,0.222,21.58
"4173",0,1,0.032,12.632
"4173",0,1,-0.218,11.399
"4173",0,1,0.792,21.323
"4173",0,1,0.912,12.531
"4173",0,1,0.132,-2.016
"4173",0,1,0.652,19.731
"4173",0,1,-0.338,18.336
"4173",0,1,-0.298,19.589
"4173",0,1,-1.198,11.555
"4173",0,1,-0.858,3.316
"4173",0,1,-0.178,14.684
"4173",0,1,-0.878,7.971
"4173",0,1,0.232,24.479
"4173",0,1,-0.188,2.429
"4173",0,1,-1.128,20.173
"4173",0,1,0.252,22.967
"4173",0,1,-0.748,11.126
"4173",0,1,-0.538,9.247
"4173",0,1,0.842,10.582
"4173",0,1,-0.028,1.356
"4173",0,1,0.642,24.247
"4173",0,1,0.022,17.737
"4173",0,1,0.002,8.26
"4173",0,1,-0.048,7.51
"4173",0,1,0.432,18.328
"4223",0,1,-0.298,6.193
"4223",0,1,-0.418,18.582
"4223",0,1,-0.898,12.179
"4223",0,1,0.242,13.119
"4223",0,1,0.502,22.318
"4223",0,1,-0.268,21.978
"4223",0,1,-0.078,13.444
"4223",0,1,-0.408,22.947
"4223",0,1,-0.188,17.984
"4223",0,1,-0.038,5.758
"4223",0,1,-0.078,6.129
"4223",0,1,-0.878,1.5
"4223",0,1,-1.138,15.275
"4223",0,1,0.012,12.957
"4223",0,1,0.602,13.853
"4223",0,1,-0.088,12.1
"4223",0,1,0.432,5.662
"4223",0,1,0.502,10.779
"4325",0,1,1.512,22.56
"4325",0,1,0.582,11.182
"4325",0,1,0.342,3.552
"4325",0,1,0.122,11.735
"4325",0,1,-0.918,4.101
"4325",0,1,1.072,20.658
"4325",0,1,0.192,14.194
"4325",0,1,0.022,19.443
"4325",0,1,-0.368,22.127
"4325",0,1,1.002,18.792
"4325",0,1,0.202,14.259
"4325",0,1,-0.278,8.804
"4325",0,1,-0.548,12.982
"4325",0,1,-1.458,7.484
"4325",0,1,0.302,10.386
"4325",0,1,-0.778,7.039
"4325",0,1,-0.328,15.902
"4325",0,1,-0.528,7.128
"4325",0,1,-0.008,3.923
"4325",0,1,0.692,24.479
"4325",0,1,0.832,8.938
"4325",0,1,0.052,18.002
"4325",0,1,-0.148,15.924
"4325",0,1,0.302,9.116
"4325",0,1,0.842,19.25
"4325",0,1,-0.318,19.521
"4350",0,1,-0.768,8.807
"4350",0,1,0.562,11.597
"4350",0,1,0.442,16.447
"4350",0,1,0.852,19.751
"4350",0,1,1.062,13.146
"4350",0,1,0.452,12.753
"4350",0,1,0.112,19.52
"4350",0,1,-0.168,13.419
"4383",0,1,-0.468,2.49
"4383",0,1,-0.348,17.506
"4383",0,1,0.022,13.031
"4383",0,1,0.572,20.272
"4383",0,1,-0.728,8.624
"4383",0,1,0.222,5.946
"4383",0,1,0.062,18.708
"4383",0,1,0.082,19.133
"4410",0,1,0.042,6.356
"4410",0,1,-0.168,15.79
"4410",0,1,-0.608,11.45
"4410",0,1,-0.618,10.971
"4410",0,1,0.752,11.464
"4410",0,1,0.522,20.237
"4410",0,1,0.372,7.29
"4410",0,1,-0.628,17.005
"4410",0,1,0.882,18.886
"4410",0,1,-0.528,18.026
"4410",0,1,-0.388,6.426
"4410",0,1,-0.388,16.684
"4410",0,1,0.232,20.663
"4410",0,1,0.032,18.442
"4410",0,1,0.492,16.093
"4420",0,1,-0.248,11.877
"4420",0,1,-0.468,19.046
"4420",0,1,-1.128,12.309
"4420",0,1,-0.478,8.721
"4420",0,1,-1.158,1.878
"4420",0,1,1.042,11.036
"4420",0,1,0.262,12.14
"4420",0,1,-0.358,16.752
"4420",0,1,-0.418,4.298
"4420",0,1,0.702,18.057
"4420",0,1,-0.898,15.1
"4420",0,1,-0.558,4.123
"4420",0,1,-0.718,4.935
"4420",0,1,-1.188,6.341
"4420",0,1,-1.638,17.306
"4458",0,1,-1.338,12.206
"4458",0,1,-1.198,11.123
"4458",0,1,-0.598,18.781
"4511",0,1,-0.188,14.186
"4511",0,1,-0.278,4.324
"4511",0,1,-0.278,8.64
"4511",0,1,1.012,9.783
"4511",0,1,-0.538,7.459
"4511",0,1,0.212,18.342
"4511",0,1,-0.418,6.701
"4511",0,1,0.352,11.062
"4511",0,1,0.072,15.35
"4511",0,1,-0.238,2.444
"4511",0,1,0.792,13.563
"4511",0,1,-0.788,9.272
"4511",0,1,-0.178,15.55
"4511",0,1,-1.058,18.632
"4511",0,1,0.172,5.627
"4511",0,1,-1.038,13.397
"4511",0,1,-0.788,20.318
"4511",0,1,-0.438,12.396
"4511",0,1,-0.508,22.94
"4511",0,1,-0.768,14.742
"4511",0,1,-0.078,23.04
"4511",0,1,0.582,20.487
"4511",0,1,-1.218,9.253
"4511",0,1,0.742,10.871
"4511",0,1,-0.548,9.341
"4511",0,1,-0.598,7.035
"4511",0,1,0.202,16.808
"4511",0,1,-0.258,20.566
"4511",0,1,0.342,15.291
"4511",0,1,-0.988,13.565
"4511",0,1,-0.398,21.006
"4511",0,1,-0.748,4.588
"4511",0,1,-0.298,19.995
"4511",0,1,0.032,17.82
"4511",0,1,-0.128,5.894
"4511",0,1,0.372,4.576
"4511",0,1,-0.618,5.762
"4511",0,1,-1.178,18.571
"4511",0,1,0.262,16.607
"4511",0,1,0.692,8.366
"4511",0,1,0.042,7.184
"4511",0,1,0.132,18.042
"4511",0,1,-0.128,22.601
"4511",0,1,0.272,19.888
"4511",0,1,-0.278,9.142
"4511",0,1,0.612,19.91
"4511",0,1,0.342,7.447
"4511",0,1,-0.568,21.481
"4511",0,1,0.682,18.069
"4511",0,1,-0.338,20.405
"4511",0,1,-0.798,16.241
"4511",0,1,0.602,22.996
"4523",0,1,0.582,9.219
"4530",0,1,-0.418,5.026
"4530",0,1,-1.688,9.916
"4530",0,1,-1.008,15.939
"4530",0,1,-0.678,15.201
"4530",0,1,-1.128,8.254
"4530",0,1,-0.118,3.556
"4530",0,1,-0.498,6.585
"4530",0,1,0.152,20.479
"4530",0,1,-0.928,14.939
"4530",0,1,-0.698,9.801
"4530",0,1,-1.258,3.968
"4530",0,1,-0.098,12.961
"4530",0,1,-0.048,18.013
"4530",0,1,-1.788,9.58
"4530",0,1,-1.488,1.155
"4530",0,1,0.062,16.785
"4530",0,1,-0.808,4.219
"4530",0,1,-0.958,15.256
"4530",0,1,-0.428,9.659
"4530",0,1,0.042,6.276
"4530",0,1,-0.868,10.821
"4530",0,1,0.072,9.666
"4530",0,1,-0.248,4.264
"4530",0,1,-0.988,15.636
"4530",0,1,-0.898,14.873
"4530",0,1,-0.188,22.943
"4530",0,1,-1.128,17.45
"4530",0,1,-1.148,2.237
"4530",0,1,-0.618,5.564
"4530",0,1,-0.938,7.252
"4530",0,1,-0.278,5.147
"4530",0,1,-1.338,-0.762
"4530",0,1,0.222,10.257
"4530",0,1,-0.488,3.97
"4530",0,1,0.132,8.248
"4530",0,1,0.212,7.304
"4642",0,1,-0.468,22.518
"4642",0,1,0.202,14.419
"4642",0,1,0.132,23.69
"4642",0,1,0.762,14.309
"4642",0,1,-0.638,10.88
"4642",0,1,-0.188,16.36
"4642",0,1,0.322,23.89
"4642",0,1,-0.748,17.467
"4642",0,1,0.422,20.293
"4642",0,1,-0.078,12.052
"4642",0,1,0.242,12.094
"4642",0,1,0.682,8.107
"4642",0,1,0.232,17.102
"4642",0,1,0.102,7.701
"4642",0,1,-0.168,20.986
"4642",0,1,-0.058,8.178
"4642",0,1,-0.278,-0.365
"4642",0,1,1.222,16.606
"4642",0,1,0.542,19.141
"4642",0,1,-0.338,9.223
"4642",0,1,0.442,11.86
"4642",0,1,-0.618,3.085
"4642",0,1,1.312,18.829
"4642",0,1,0.142,19.521
"4642",0,1,-0.498,23.238
"4642",0,1,-1.168,5.507
"4642",0,1,-0.048,14.832
"4642",0,1,0.232,8.738
"4642",0,1,-2.218,17.326
"4642",0,1,-0.238,3.812
"4642",0,1,-0.768,19.685
"4642",0,1,0.342,20.136
"4642",0,1,0.622,16.225
"4642",0,1,0.502,18.846
"4642",0,1,0.712,22.07
"4642",0,1,-0.478,14.918
"4642",0,1,-0.368,17.864
"4868",0,1,0.942,18.308
"4868",0,1,0.622,6.968
"4868",0,1,0.902,19.078
"4868",0,1,1.512,15.524
"4868",0,1,0.862,16.413
"4868",0,1,0.342,8.425
"4868",0,1,0.352,14.209
"4868",0,1,-0.198,0.098
"4931",0,1,0.992,11.731
"4931",0,1,0.902,19.996
"4931",0,1,-0.678,12.188
"4931",0,1,0.142,7.914
"4931",0,1,-0.038,23.878
"4931",0,1,0.652,20.876
"4931",0,1,1.512,8.075
"4931",0,1,0.602,13.499
"4931",0,1,0.162,9.112
"4931",0,1,0.142,18.617
"4931",0,1,0.442,11.966
"4931",0,1,0.922,5.592
"4931",0,1,0.142,10.018
"4931",0,1,-0.018,12.89
"4931",0,1,0.162,12.406
"4931",0,1,0.282,22.432
"4931",0,1,0.732,10.421
"4931",0,1,0.792,15.168
"4931",0,1,-0.278,4.447
"4931",0,1,-0.748,11.435
"4931",0,1,0.922,18.775
"4931",0,1,1.452,22.846
"4931",0,1,1.362,12.577
"4931",0,1,0.822,13.272
"4931",0,1,-0.398,19.21
"4931",0,1,-0.678,8.39
"4931",0,1,0.132,8.463
"4931",0,1,1.212,11.085
"4931",0,1,-0.618,9.183
"4931",0,1,0.972,9.276
"4931",0,1,1.082,20.194
"4931",0,1,0.622,7.125
"4931",0,1,-0.018,7.555
"4931",0,1,0.512,16.616
"4931",0,1,-0.658,13.75
"5192",0,1,1.072,2.839
"5192",0,1,0.392,17.088
"5192",0,1,1.342,17.913
"5192",0,1,-1.278,15.054
"5192",0,1,-0.918,17.072
"5192",0,1,-0.648,19.141
"5192",0,1,-1.218,5.137
"5192",0,1,0.252,13.482
"5192",0,1,0.352,10.721
"5192",0,1,0.372,19.575
"5192",0,1,-0.468,10.97
"5192",0,1,0.052,5.661
"5404",0,1,0.612,24.993
"5404",0,1,1.182,5.868
"5404",0,1,1.072,15.281
"5404",0,1,1.152,13.555
"5404",0,1,0.842,15.762
"5404",0,1,0.862,20.144
"5404",0,1,0.622,16.423
"5404",0,1,0.442,4.072
"5404",0,1,1.422,16.985
"5404",0,1,1.452,7.204
"5404",0,1,0.992,20.379
"5404",0,1,0.652,24.095
"5404",0,1,0.542,11.046
"5404",0,1,0.932,21.524
"5404",0,1,1.122,17.537
"5404",0,1,-0.318,11.833
"5404",0,1,0.242,19.467
"5404",0,1,0.802,3.552
"5404",0,1,0.732,19.425
"5404",0,1,1.012,17.994
"5404",0,1,1.342,15.497
"5404",0,1,0.932,24.138
"5404",0,1,0.392,14.573
"5404",0,1,-0.358,4.096
"5404",0,1,0.532,8.47
"5404",0,1,0.832,9.106
"5404",0,1,1.172,10.713
"5404",0,1,-0.468,10.817
"5404",0,1,1.172,20.794
"5404",0,1,1.072,7.128
"5404",0,1,1.172,22.896
"5404",0,1,0.422,16.895
"5404",0,1,0.482,8.215
"5404",0,1,0.982,4.837
"5404",0,1,1.182,16.713
"5404",0,1,-0.098,14.106
"5404",0,1,1.242,13.711
"5404",0,1,0.952,17.312
"5404",0,1,1.262,12.411
"5404",0,1,1.072,14.927
"5404",0,1,0.902,18.802
"5404",0,1,1.512,22.08
"5404",0,1,1.072,24.479
"5404",0,1,0.702,9.987
"5404",0,1,0.902,16.574
"5404",0,1,0.452,23.81
"5404",0,1,1.122,17.163
"5404",0,1,1.302,21.819
"5404",0,1,1.182,20.686
"5404",0,1,1.512,19.015
"5404",0,1,1.262,13.664
"5404",0,1,0.932,23.137
"5404",0,1,1.422,4.682
"5404",0,1,0.632,18.232
"5619",0,1,1.362,22.521
"5619",0,1,-0.858,6.756
"5619",0,1,0.162,4.408
"5619",0,1,-0.728,16.721
"5619",0,1,-0.288,0.452
"5619",0,1,0.842,11.827
"5619",0,1,0.362,12.905
"5619",0,1,0.412,15.936
"5619",0,1,-0.118,23.124
"5619",0,1,-0.098,24.133
"5619",0,1,0.972,20.17
"5619",0,1,-0.478,10.506
"5619",0,1,0.412,21.451
"5619",0,1,0.042,16.443
"5619",0,1,0.472,1.701
"5619",0,1,0.542,9.264
"5619",0,1,0.312,19.491
"5619",0,1,0.112,17.474
"5619",0,1,0.792,18.116
"5619",0,1,0.612,3.254
"5619",0,1,0.642,8.529
"5619",0,1,0.062,24.247
"5619",0,1,1.282,14.76
"5619",0,1,0.932,22.517
"5619",0,1,0.032,24.479
"5619",0,1,0.372,9.939
"5619",0,1,0.082,8.647
"5619",0,1,0.542,-0.988
"5619",0,1,0.172,16.649
"5619",0,1,-0.218,18.406
"5640",0,1,-1.068,14.283
"5640",0,1,-0.458,3.714
"5640",0,1,-0.038,18.066
"5640",0,1,-0.768,1.427
"5640",0,1,-0.518,7.582
"5640",0,1,-0.798,23.424
"5640",0,1,-0.078,7.261
"5640",0,1,-0.138,12.338
"5640",0,1,0.532,10.579
"5640",0,1,-0.978,10.193
"5640",0,1,0.832,19.16
"5640",0,1,-0.648,20.145
"5640",0,1,0.072,22.406
"5640",0,1,-0.118,16.509
"5640",0,1,-0.818,4.037
"5640",0,1,-0.808,9.231
"5640",0,1,0.012,17.085
"5640",0,1,0.592,22.373
"5640",0,1,-0.938,2.215
"5640",0,1,0.202,0.614
"5640",0,1,-0.078,15.058
"5640",0,1,0.022,4.067
"5640",0,1,0.132,11.902
"5640",0,1,-0.588,5.915
"5650",0,1,1.262,22.067
"5650",0,1,-0.748,16.641
"5650",0,1,1.262,8.507
"5650",0,1,0.922,12.438
"5667",0,1,-0.188,10.697
"5667",0,1,-0.498,10.478
"5667",0,1,1.122,18.184
"5667",0,1,-0.098,6.094
"5667",0,1,0.702,10.373
"5667",0,1,1.072,15.826
"5667",0,1,0.532,4.618
"5667",0,1,-0.888,6.967
"5667",0,1,1.422,17.9
"5667",0,1,0.762,13.437
"5667",0,1,0.852,18.773
"5667",0,1,-0.158,21.319
"5667",0,1,1.332,14.859
"5667",0,1,-0.648,0.977
"5667",0,1,0.432,13.138
"5667",0,1,0.182,7.965
"5667",0,1,0.892,12.336
"5667",0,1,0.842,11.286
"5667",0,1,0.762,12.331
"5720",0,1,0.432,19.196
"5720",0,1,-0.838,13.754
"5720",0,1,-0.068,12.43
"5720",0,1,0.502,18.8
"5720",0,1,-0.298,13.086
"5720",0,1,0.382,21.361
"5720",0,1,-0.238,8.259
"5720",0,1,-0.658,9.757
"5720",0,1,0.502,20.765
"5720",0,1,-0.498,12.851
"5720",0,1,-0.898,14.649
"5720",0,1,0.352,14.68
"5720",0,1,-0.818,14.966
"5720",0,1,-0.678,8.342
"5720",0,1,-0.038,12.428
"5720",0,1,0.772,10.315
"5720",0,1,0.592,20.504
"5720",0,1,-0.448,10.669
"5720",0,1,0.092,9.064
"5720",0,1,0.512,7.728
"5720",0,1,0.792,9.484
"5720",0,1,0.132,13.265
"5720",0,1,-0.468,10.385
"5720",0,1,0.012,10.822
"5761",0,1,-1.118,2.076
"5761",0,1,0.392,5.797
"5761",0,1,-0.708,5.364
"5761",0,1,-0.018,14.633
"5761",0,1,-1.238,4.153
"5761",0,1,-1.368,9.544
"5761",0,1,-1.758,-1.408
"5761",0,1,-1.278,8.393
"5761",0,1,0.472,17.157
"5761",0,1,-0.118,7.344
"5761",0,1,-0.078,2.407
"5761",0,1,-0.168,14.662
"5761",0,1,-0.428,15.794
"5761",0,1,-0.798,20.99
"5761",0,1,0.022,8.794
"5761",0,1,0.682,24.479
"5761",0,1,0.802,13.33
"5761",0,1,-0.278,11.342
"5761",0,1,-0.328,21.633
"5761",0,1,-0.298,17.92
"5761",0,1,-0.258,16.784
"5761",0,1,0.272,13.7
"5761",0,1,-0.598,3.422
"5761",0,1,-0.158,4.462
"5761",0,1,0.842,14.836
"5761",0,1,-0.378,6.861
"5761",0,1,-0.508,10.084
"5761",0,1,-0.798,5.655
"5761",0,1,-0.838,15.644
"5761",0,1,-1.178,11.629
"5762",0,1,-1.448,4.888
"5762",0,1,-0.888,-0.754
"5762",0,1,-1.308,9.385
"5783",0,1,0.322,9.725
"5783",0,1,-0.728,21.504
"5783",0,1,0.022,11.637
"5783",0,1,-0.168,4.858
"5783",0,1,0.522,17.718
"5783",0,1,-0.538,10.652
"5783",0,1,-0.298,20
"5783",0,1,-0.168,17.416
"5783",0,1,0.342,9.413
"5783",0,1,-0.528,7.417
"5783",0,1,-0.348,14.704
"5783",0,1,-2.328,5.499
"5815",0,1,-1.828,5.964
"5815",0,1,-0.818,0.371
"5815",0,1,-0.048,12.484
"5815",0,1,-0.718,14.206
"5815",0,1,-0.588,19.598
"5815",0,1,-0.918,11.182
"5815",0,1,0.182,5.443
"5815",0,1,-0.038,6.44
"5815",0,1,-1.018,5.034
"5815",0,1,-0.678,10.99
"5819",0,1,-0.238,13.702
"5819",0,1,-0.188,18.881
"5819",0,1,-0.088,2.191
"5819",0,1,0.332,19.487
"5819",0,1,0.882,9.741
"5819",0,1,0.692,11.149
"5819",0,1,1.262,15.669
"5819",0,1,-0.658,11.933
"5819",0,1,0.312,16.837
"5819",0,1,0.692,16.688
"5819",0,1,0.782,13.652
"5819",0,1,0.142,16.936
"5819",0,1,1.022,7.492
"5819",0,1,0.262,-2.132
"5819",0,1,0.592,16.084
"5819",0,1,0.592,20.441
"5819",0,1,0.462,3.237
"5819",0,1,-0.078,18.142
"5819",0,1,-0.088,24.479
"5819",0,1,-0.608,3.615
"5819",0,1,0.152,12.465
"5819",0,1,-0.008,14.736
"5819",0,1,0.792,18.01
"5819",0,1,-0.998,12.192
"5838",0,1,-0.038,13.903
"5838",0,1,0.772,14.123
"5838",0,1,0.842,22.449
"5838",0,1,-0.118,5.441
"5838",0,1,-0.168,7.477
"5838",0,1,-0.598,10.504
"5838",0,1,0.212,14.275
"5838",0,1,-0.888,8.754
"5838",0,1,-0.958,9.614
"5838",0,1,0.982,10.439
"5838",0,1,0.462,12.335
"5838",0,1,-0.148,15.515
"5838",0,1,1.072,9.875
"5838",0,1,0.712,17.327
"5838",0,1,-0.038,16.948
"5838",0,1,0.732,17.312
"5838",0,1,-0.298,19.247
"5838",0,1,-0.408,2.417
"5937",0,1,1.512,18.4
"5937",0,1,1.202,18.56
"5937",0,1,1.172,8.631
"5937",0,1,1.072,18.38
"5937",0,1,-0.148,18.345
"5937",0,1,0.612,17.152
"5937",0,1,-0.068,12.846
"5937",0,1,0.702,18.358
"5937",0,1,-0.568,17.19
"5937",0,1,0.202,19.803
"5937",0,1,1.122,21.66
"5937",0,1,0.232,15.92
"5937",0,1,0.992,12.853
"5937",0,1,0.892,17.711
"6074",0,1,-0.438,21.142
"6074",0,1,-1.068,4.826
"6074",0,1,-0.798,15.473
"6074",0,1,0.292,4.472
"6074",0,1,0.042,12.553
"6074",0,1,-0.368,19.772
"6074",0,1,-0.748,4.176
"6074",0,1,-0.438,15.573
"6074",0,1,-0.828,8.914
"6074",0,1,-0.258,8.005
"6074",0,1,-0.278,15.241
"6074",0,1,-0.768,19.184
"6074",0,1,-0.438,13.302
"6074",0,1,0.252,14.818
"6074",0,1,-0.818,15.502
"6074",0,1,-0.038,8.642
"6074",0,1,-1.098,7.316
"6074",0,1,0.022,15.243
"6074",0,1,-0.798,10.654
"6074",0,1,-0.668,15.076
"6074",0,1,-0.198,18.324
"6074",0,1,-0.508,18.875
"6074",0,1,0.142,16.89
"6074",0,1,-0.748,17.681
"6074",0,1,-0.028,7.907
"6074",0,1,0.662,9.38
"6074",0,1,-0.678,5.236
"6074",0,1,-0.748,23.917
"6074",0,1,0.442,15.636
"6074",0,1,0.092,22.427
"6074",0,1,-0.448,20.075
"6074",0,1,-0.608,11.344
"6074",0,1,-0.488,17.445
"6074",0,1,-1.778,2.124
"6074",0,1,0.522,1.099
"6074",0,1,0.542,20.251
"6074",0,1,-0.158,12.511
"6074",0,1,0.692,6.332
"6074",0,1,-1.608,7.082
"6074",0,1,0.672,12.55
"6074",0,1,-0.258,21.26
"6074",0,1,0.032,9.377
"6074",0,1,-1.118,15.842
"6074",0,1,0.852,6.963
"6074",0,1,0.672,21.986
"6074",0,1,-0.358,20.635
"6074",0,1,-0.618,17.173
"6074",0,1,-0.358,24.421
"6074",0,1,0.562,21.658
"6074",0,1,-0.568,21.734
"6074",0,1,-0.828,5.311
"6074",0,1,-0.488,9.831
"6074",0,1,1.512,19.882
"6074",0,1,0.122,16.956
"6089",0,1,-0.398,20.111
"6089",0,1,0.242,16.624
"6089",0,1,-0.028,15.343
"6089",0,1,0.292,6.761
"6089",0,1,-0.178,14.498
"6089",0,1,0.502,19.729
"6089",0,1,0.482,13.833
"6089",0,1,1.022,17.54
"6089",0,1,0.652,5.722
"6089",0,1,-1.238,11.303
"6089",0,1,0.562,13.337
"6089",0,1,-0.138,22.521
"6089",0,1,-0.288,13.947
"6089",0,1,0.892,19.499
"6089",0,1,-0.478,16.761
"6089",0,1,0.642,12.605
"6089",0,1,-2.038,1.199
"6089",0,1,0.902,24.707
"6089",0,1,0.762,21.793
"6144",0,1,0.522,21.272
"6144",0,1,-0.078,1.785
"6144",0,1,-0.598,16.246
"6144",0,1,0.192,3.001
"6144",0,1,0.032,21.64
"6144",0,1,-0.498,14.616
"6144",0,1,-0.428,16.239
"6144",0,1,1.512,12.65
"6144",0,1,-1.948,3.091
"6144",0,1,-1.338,11.389
"6144",0,1,0.282,8.362
"6144",0,1,-0.208,4.554
"6144",0,1,-0.258,12.344
"6144",0,1,0.072,8.464
"6144",0,1,-0.658,0.778
"6144",0,1,-0.958,22.307
"6144",0,1,-1.508,8.519
"6144",0,1,-1.368,5.143
"6170",0,1,0.132,20.087
"6170",0,1,0.072,14.148
"6170",0,1,-0.818,13.626
"6170",0,1,0.142,1.01
"6170",0,1,-0.518,4.27
"6170",0,1,0.422,13.298
"6170",0,1,0.532,24.012
"6170",0,1,-0.458,18.317
"6291",0,1,-1.098,3.309
"6291",0,1,-0.388,8.022
"6291",0,1,-0.408,4.01
"6291",0,1,-0.478,6.294
"6291",0,1,-0.068,5.5
"6291",0,1,0.482,23.578
"6291",0,1,-0.158,16.177
"6291",0,1,0.362,4.582
"6366",0,1,0.992,19.467
"6366",0,1,0.752,17.715
"6366",0,1,0.942,22.943
"6366",0,1,0.142,10.158
"6366",0,1,0.582,20.761
"6366",0,1,0.482,22.055
"6366",0,1,1.092,24.252
"6366",0,1,0.802,10.477
"6366",0,1,0.842,12.082
"6366",0,1,-0.438,20.619
"6366",0,1,0.422,3.745
"6366",0,1,0.902,14.516
"6366",0,1,0.092,22.827
"6366",0,1,0.032,12.211
"6366",0,1,0.072,19.704
"6366",0,1,0.362,19.685
"6366",0,1,0.692,12.723
"6366",0,1,0.542,22.311
"6366",0,1,-0.218,15.019
"6366",0,1,0.232,10.79
"6366",0,1,0.062,16.491
"6366",0,1,0.152,18.028
"6366",0,1,-0.388,21.264
"6366",0,1,-0.028,14.318
"6366",0,1,-0.038,19.327
"6366",0,1,0.642,3.706
"6366",0,1,-1.068,14.084
"6366",0,1,1.282,12.104
"6366",0,1,-0.458,11.635
"6366",0,1,-0.418,24.479
"6397",0,1,0.522,13.327
"6397",0,1,1.152,10.873
"6397",0,1,0.262,10.284
"6397",0,1,-0.288,19.411
"6397",0,1,0.042,15.241
"6397",0,1,-0.088,18.314
"6397",0,1,0.072,14.82
"6397",0,1,-0.438,11.505
"6397",0,1,-1.368,5.641
"6397",0,1,-1.178,15.045
"6397",0,1,-0.118,8.826
"6397",0,1,-0.208,5.688
"6397",0,1,1.222,23.261
"6397",0,1,-0.118,7.387
"6397",0,1,-0.068,21.334
"6397",0,1,-0.478,12.869
"6397",0,1,0.172,24.434
"6415",0,1,-0.588,21.594
"6415",0,1,0.412,6.46
"6415",0,1,0.082,23.717
"6415",0,1,-0.268,21.857
"6415",0,1,0.052,11.85
"6415",0,1,-0.058,0.965
"6415",0,1,-0.158,4.653
"6415",0,1,0.042,3.353
"6415",0,1,-0.328,17.129
"6415",0,1,-0.278,12.238
"6415",0,1,-0.018,15.296
"6415",0,1,0.572,15.117
"6415",0,1,-0.068,10.36
"6415",0,1,0.962,7.52
"6415",0,1,0.912,20.124
"6415",0,1,0.912,12.268
"6415",0,1,-1.678,7.035
"6415",0,1,-0.768,4.292
"6415",0,1,-0.558,13.945
"6415",0,1,-0.508,9.658
"6415",0,1,-0.218,9.81
"6415",0,1,-0.008,-1.818
"6415",0,1,0.022,12.706
"6415",0,1,-1.218,3.444
"6415",0,1,-1.658,7.237
"6415",0,1,-0.458,12.706
"6415",0,1,0.132,17.118
"6415",0,1,0.022,21.869
"6443",0,1,-1.408,14.039
"6443",0,1,0.362,-1.806
"6443",0,1,0.362,22.391
"6443",0,1,-1.068,13.014
"6443",0,1,0.642,5.873
"6443",0,1,-0.808,12.427
"6443",0,1,0.422,10.582
"6443",0,1,-0.618,17.731
"6443",0,1,0.762,7.731
"6443",0,1,-0.728,9.522
"6443",0,1,-0.308,3.93
"6443",0,1,0.472,4.745
"6443",0,1,0.442,15.571
"6443",0,1,0.702,2.866
"6484",0,1,0.082,7.068
"6484",0,1,-0.898,18.539
"6484",0,1,-0.898,8.05
"6484",0,1,-0.678,20.84
"6484",0,1,-0.478,-0.765
"6484",0,1,0.372,8.976
"6484",0,1,-1.498,20.571
"6484",0,1,-0.348,8.782
"6484",0,1,-1.018,5.674
"6484",0,1,-1.128,5.59
"6484",0,1,-0.178,20.188
"6484",0,1,0.152,20.742
"6484",0,1,-0.848,12.881
"6484",0,1,-0.248,19.705
"6484",0,1,-0.578,14.474
"6484",0,1,-0.428,21.073
"6484",0,1,-0.458,17.42
"6484",0,1,-0.078,10.101
"6578",0,1,-0.378,19.679
"6578",0,1,-0.088,20.847
"6578",0,1,-1.438,10.643
"6578",0,1,-0.728,11.011
"6578",0,1,0.302,19.288
"6578",0,1,-1.138,16.109
"6578",0,1,0.342,11.931
"6578",0,1,0.132,6.767
"6578",0,1,-0.708,14.462
"6578",0,1,1.052,17.684
"6578",0,1,-0.308,-1.17
"6578",0,1,-0.788,21.704
"6578",0,1,-0.208,13.556
"6578",0,1,-1.308,5.757
"6578",0,1,0.092,16.157
"6578",0,1,0.122,12.632
"6578",0,1,0.302,16.673
"6578",0,1,-0.648,11.423
"6578",0,1,-0.808,3.565
"6578",0,1,-0.388,17.727
"6578",0,1,0.222,20.739
"6578",0,1,-0.258,8.117
"6578",0,1,-0.518,14.964
"6578",0,1,-1.408,9.759
"6578",0,1,-1.368,6.627
"6578",0,1,-0.438,15.381
"6578",0,1,-0.008,12.258
"6578",0,1,0.122,18.616
"6578",0,1,-0.948,9.842
"6578",0,1,-0.708,2.446
"6578",0,1,-1.528,16.183
"6578",0,1,-0.498,19.362
"6578",0,1,0.582,23.144
"6578",0,1,-0.238,19.827
"6578",0,1,-0.148,16.785
"6578",0,1,-0.018,4.045
"6578",0,1,-0.568,12.761
"6578",0,1,-0.838,16.177
"6578",0,1,-0.548,11.814
"6578",0,1,-1.768,20.605
"6578",0,1,-0.548,8.271
"6578",0,1,-1.398,5.653
"6578",0,1,-0.468,7.267
"6578",0,1,-0.568,10.277
"6578",0,1,-1.148,4.908
"6600",0,1,-0.278,14.414
"6600",0,1,-0.168,11.462
"6600",0,1,-0.268,3.383
"6600",0,1,-0.438,7.328
"6600",0,1,-0.138,2.899
"6600",0,1,-0.908,9.216
"6600",0,1,-0.328,15.561
"6600",0,1,-0.508,14.076
"6600",0,1,-0.588,9.339
"6600",0,1,-0.738,2.258
"6600",0,1,-1.978,0.969
"6600",0,1,0.802,17.741
"6600",0,1,-0.158,15.297
"6600",0,1,0.952,18.946
"6600",0,1,0.692,11.941
"6600",0,1,0.682,19.592
"6600",0,1,-0.598,13.44
"6600",0,1,0.312,3.979
"6600",0,1,-0.258,6.966
"6600",0,1,-0.368,17.964
"6600",0,1,0.332,12.445
"6600",0,1,-0.228,8.865
"6600",0,1,0.062,5.927
"6600",0,1,-0.158,8.153
"6600",0,1,-0.208,15.118
"6600",0,1,-0.358,7.649
"6600",0,1,1.042,11.723
"6600",0,1,0.282,21.646
"6808",0,1,-0.688,13.392
"6808",0,1,1.042,22.197
"6808",0,1,0.422,7.243
"6808",0,1,-1.118,12.577
"6808",0,1,-0.588,13.809
"6808",0,1,0.092,15.963
"6808",0,1,-0.718,1.908
"6808",0,1,0.942,19.047
"6808",0,1,1.512,12.188
"6808",0,1,1.292,16.007
"6808",0,1,1.212,14.505
"6808",0,1,0.482,3.038
"6816",0,1,0.852,18.067
"6816",0,1,0.012,10.197
"6816",0,1,0.652,18.997
"6816",0,1,1.212,8.713
"6816",0,1,0.302,20.303
"6816",0,1,0.132,3.619
"6816",0,1,0.272,16.777
"6816",0,1,1.262,12.531
"6816",0,1,0.902,11.937
"6816",0,1,0.472,15.614
"6816",0,1,1.152,15.357
"6897",0,1,1.512,18.863
"6897",0,1,1.452,23.503
"6897",0,1,0.392,17.527
"6897",0,1,0.632,22.7
"6897",0,1,0.662,17.906
"6897",0,1,0.212,21.141
"6897",0,1,0.402,12.332
"6897",0,1,-0.038,16.794
"6897",0,1,0.062,14.57
"6897",0,1,1.232,22.123
"6897",0,1,0.162,14.197
"6897",0,1,1.012,19.83
"6897",0,1,0.682,22.292
"6897",0,1,-0.298,5.157
"6897",0,1,-0.958,18.66
"6897",0,1,0.312,5.358
"6897",0,1,0.872,4.806
"6897",0,1,1.372,19.245
"6897",0,1,-0.718,4.33
"6897",0,1,0.472,17.255
"6897",0,1,-0.328,15.281
"6897",0,1,0.402,15.944
"6897",0,1,0.062,17.972
"6897",0,1,0.032,1.813
"6897",0,1,0.052,19.83
"7011",0,1,-0.468,14.777
"7011",0,1,-0.258,8.537
"7011",0,1,0.062,13.103
"7011",0,1,0.422,13.102
"7011",0,1,-1.278,2.799
"7011",0,1,1.212,17.659
"7011",0,1,0.542,19.234
"7011",0,1,-0.258,0.165
"7011",0,1,1.162,16.699
"7011",0,1,0.072,24.993
"7011",0,1,-0.628,22.402
"7011",0,1,-1.108,8.513
"7011",0,1,-0.328,16.289
"7011",0,1,-0.768,7.472
"7011",0,1,0.602,17.555
"7011",0,1,0.852,18.305
"7011",0,1,-0.408,13.513
"7101",0,1,0.932,14.438
"7101",0,1,0.252,5.533
"7101",0,1,0.482,6.826
"7101",0,1,-0.108,10.183
"7101",0,1,-0.578,12.078
"7101",0,1,1.262,16.251
"7101",0,1,-0.648,16.585
"7101",0,1,0.422,16.188
"7101",0,1,-1.158,10.145
"7101",0,1,0.902,2.801
"7172",0,1,-0.788,17.119
"7232",0,1,0.232,10.348
"7232",0,1,0.422,14.9
"7232",0,1,-0.688,14.46
"7232",0,1,0.042,15.273
"7232",0,1,-0.048,-0.438
"7232",0,1,-0.498,10.087
"7232",0,1,-0.178,14.561
"7232",0,1,0.972,14.241
"7232",0,1,-0.538,13.944
"7232",0,1,-0.788,-0.519
"7232",0,1,-0.368,21.628
"7232",0,1,-0.238,5.879
"7232",0,1,0.332,17.001
"7232",0,1,-0.228,2.607
"7232",0,1,-0.718,10.588
"7232",0,1,-0.998,13.584
"7232",0,1,-0.718,15.887
"7232",0,1,0.482,9.32
"7232",0,1,-1.418,6.258
"7232",0,1,0.652,19.301
"7232",0,1,-0.228,6.694
"7232",0,1,0.082,17.025
"7232",0,1,-0.288,10.795
"7232",0,1,0.282,11.893
"7232",0,1,0.782,15.302
"7232",0,1,0.262,16.291
"7232",0,1,0.182,21.01
"7276",0,1,0.282,16.409
"7276",0,1,0.102,11.12
"7276",0,1,-0.458,2.113
"7276",0,1,-0.438,4.027
"7276",0,1,0.892,7.086
"7276",0,1,0.532,12.146
"7276",0,1,0.572,18.71
"7276",0,1,-0.438,14.184
"7276",0,1,0.372,18.357
"7276",0,1,0.442,19.129
"7276",0,1,0.482,20.853
"7276",0,1,0.312,5.935
"7276",0,1,1.122,11.676
"7276",0,1,0.482,11.504
"7276",0,1,-1.218,11.717
"7276",0,1,0.092,4.828
"7276",0,1,-1.098,-1.525
"7276",0,1,0.242,13.765
"7276",0,1,-0.588,10.162
"7276",0,1,-0.068,14.292
"7276",0,1,0.762,24.479
"7276",0,1,-0.018,10.945
"7332",0,1,0.652,18.759
"7332",0,1,0.832,7.382
"7332",0,1,0.722,24.993
"7332",0,1,0.782,19.835
"7332",0,1,-1.378,22.668
"7332",0,1,0.192,3.326
"7332",0,1,-0.208,9.608
"7332",0,1,1.062,17.28
"7332",0,1,1.022,13.347
"7332",0,1,-0.168,8.05
"7332",0,1,0.682,23.141
"7332",0,1,0.462,9.967
"7332",0,1,-0.918,14.466
"7332",0,1,0.712,21.884
"7332",0,1,0.342,9.899
"7332",0,1,-0.298,13.197
"7332",0,1,-0.258,18.423
"7332",0,1,0.652,11.627
"7332",0,1,0.652,13.895
"7332",0,1,0.492,12.951
"7332",0,1,-0.808,13.531
"7332",0,1,-0.508,16.114
"7332",0,1,1.342,20.846
"7332",0,1,0.252,21.184
"7332",0,1,0.032,6.398
"7332",0,1,0.242,11.333
"7341",0,1,-0.558,4.06
"7341",0,1,-0.838,14.357
"7341",0,1,-0.008,4.939
"7341",0,1,-0.328,0.047
"7341",0,1,-0.428,12.076
"7341",0,1,0.092,7.82
"7341",0,1,-0.138,-0.706
"7341",0,1,-0.458,1.295
"7341",0,1,-0.948,5.705
"7341",0,1,-0.308,13.469
"7341",0,1,0.542,11.892
"7341",0,1,-0.138,17.709
"7341",0,1,-0.228,7.078
"7341",0,1,-0.468,13.557
"7341",0,1,0.022,13.174
"7341",0,1,-0.038,5.041
"7341",0,1,0.152,11.316
"7341",0,1,-0.458,11.518
"7341",0,1,1.342,11.537
"7341",0,1,0.462,6.65
"7341",0,1,0.512,17.885
"7345",0,1,0.702,13.068
"7345",0,1,0.762,16.98
"7345",0,1,0.882,17.983
"7345",0,1,1.372,12.787
"7345",0,1,1.072,22.5
"7345",0,1,0.692,11.07
"7345",0,1,1.152,23.585
"7345",0,1,-0.738,20.784
"7345",0,1,0.672,15.539
"7345",0,1,0.712,16.706
"7345",0,1,0.352,1.817
"7345",0,1,-1.048,5.926
"7345",0,1,-0.548,2.527
"7345",0,1,-0.658,4.337
"7345",0,1,0.822,-0.184
"7345",0,1,0.472,23.134
"7345",0,1,0.162,10.009
"7345",0,1,0.422,18.441
"7345",0,1,-0.348,10.969
"7345",0,1,-0.808,9.696
"7364",0,1,0.372,13.88
"7364",0,1,-0.808,20.556
"7364",0,1,-0.468,14.665
"7364",0,1,0.322,5.486
"7364",0,1,0.622,3.762
"7364",0,1,0.022,13.928
"7364",0,1,-0.688,17.348
"7364",0,1,-0.988,14.867
"7364",0,1,0.312,3.554
"7364",0,1,-0.228,2.347
"7364",0,1,0.472,16.485
"7364",0,1,-1.268,5.058
"7364",0,1,-0.038,19.836
"7364",0,1,0.022,11.211
"7364",0,1,-0.178,20.325
"7364",0,1,0.352,21.139
"7364",0,1,-0.168,22.678
"7364",0,1,-0.688,10.454
"7364",0,1,0.032,13.131
"7364",0,1,-0.568,16.28
"7364",0,1,0.202,7.12
"7364",0,1,-0.208,8.839
"7364",0,1,0.182,20.964
"7364",0,1,0.202,22.854
"7364",0,1,-0.378,10.174
"7364",0,1,0.172,23.323
"7364",0,1,-0.308,19.096
"7364",0,1,-0.358,7.067
"7364",0,1,0.622,14.833
"7364",0,1,0.312,16.18
"7364",0,1,-0.568,17.594
"7364",0,1,0.442,14.201
"7364",0,1,-0.458,17.276
"7364",0,1,-0.018,19.275
"7364",0,1,0.082,10.848
"7364",0,1,-0.238,6.015
"7364",0,1,-0.778,11.335
"7364",0,1,-0.228,6.571
"7364",0,1,0.022,20.828
"7364",0,1,-0.998,17.231
"7364",0,1,0.962,15.407
"7364",0,1,1.002,13.238
"7364",0,1,-0.088,16.025
"7635",0,1,-0.588,11.307
"7635",0,1,0.342,12.707
"7635",0,1,0.102,7.494
"7635",0,1,0.762,6.027
"7635",0,1,-0.938,14.842
"7635",0,1,-0.738,16.442
"7635",0,1,-0.038,17.768
"7635",0,1,0.062,22.579
"7635",0,1,0.352,20.691
"7635",0,1,-0.978,21.445
"7635",0,1,-0.408,17.049
"7635",0,1,-0.138,15.203
"7635",0,1,-0.008,19.989
"7635",0,1,0.802,19.044
"7635",0,1,0.242,3.724
"7635",0,1,-0.258,10.535
"7635",0,1,-0.648,5.866
"7635",0,1,0.872,13.84
"7635",0,1,0.742,13.398
"7635",0,1,0.332,21.319
"7635",0,1,0.942,19.816
"7635",0,1,-0.018,24.479
"7635",0,1,0.342,13.142
"7635",0,1,0.342,12.406
"7635",0,1,-0.008,19.964
"7635",0,1,0.532,14.713
"7635",0,1,-0.018,15.609
"7635",0,1,1.182,14.077
"7697",0,1,-0.408,6.779
"7697",0,1,0.662,12.505
"7697",0,1,-0.208,5.705
"7697",0,1,0.562,7.015
"7697",0,1,-0.008,11.475
"7697",0,1,0.182,24.479
"7697",0,1,0.742,23.398
"7697",0,1,0.442,17.022
"7697",0,1,0.192,8.731
"7697",0,1,-1.118,6.574
"7697",0,1,1.512,14.416
"7734",0,1,-0.658,16.44
"7734",0,1,-0.188,7.044
"7734",0,1,-0.878,5.194
"7734",0,1,1.002,23.394
"7734",0,1,-0.068,9.782
"7734",0,1,0.602,24.479
"7734",0,1,-0.068,6.018
"7734",0,1,-1.168,6.135
"7890",0,1,0.232,4.74
"7890",0,1,0.032,3.377
"7890",0,1,-0.678,22.189
"7890",0,1,-0.528,12.044
"7890",0,1,-1.488,3.628
"7890",0,1,0.492,3.901
"7890",0,1,-0.998,5.496
"7890",0,1,-1.308,11.206
"7890",0,1,-0.118,2.811
"7890",0,1,-0.858,11.467
"7890",0,1,-1.128,2.622
"7890",0,1,-0.188,3.893
"7890",0,1,-1.148,14.279
"7890",0,1,-1.518,9.68
"7890",0,1,-0.198,11.992
"7890",0,1,-1.428,3.371
"7890",0,1,-0.148,7.774
"7890",0,1,-1.038,10.16
"7890",0,1,-0.738,8.787
"7890",0,1,-0.388,8.954
"7890",0,1,-1.388,2.434
"7890",0,1,-0.118,3.295
"7890",0,1,0.832,12.037
"7890",0,1,0.082,0.709
"7919",0,1,1.022,7.788
"7919",0,1,0.552,13.8
"7919",0,1,-0.068,23.007
"7919",0,1,0.392,6.582
"7919",0,1,0.862,20.245
"7919",0,1,0.132,0.767
"7919",0,1,0.652,14.991
"7919",0,1,0.412,13.23
"7919",0,1,0.962,18.608
"7919",0,1,0.622,23.578
"7919",0,1,0.062,9.76
"7919",0,1,-0.408,10.889
"7919",0,1,0.802,23.323
"7919",0,1,0.762,19.043
"7919",0,1,0.282,8
"8150",0,1,0.322,12.693
"8150",0,1,0.202,18.295
"8150",0,1,-0.278,13.881
"8150",0,1,1.182,21.186
"8150",0,1,0.852,17.769
"8150",0,1,0.722,12.088
"8150",0,1,0.302,7.369
"8150",0,1,-0.358,8.555
"8150",0,1,1.072,13.543
"8150",0,1,1.012,11.288
"8150",0,1,-1.578,17.756
"8150",0,1,-0.198,24.355
"8150",0,1,-0.548,5.523
"8150",0,1,1.072,17.889
"8150",0,1,0.042,6.878
"8150",0,1,0.532,22.854
"8150",0,1,0.542,18.002
"8150",0,1,0.752,10.482
"8150",0,1,-0.638,17.846
"8150",0,1,0.752,23.58
"8150",0,1,0.282,14.843
"8150",0,1,0.512,15.244
"8150",0,1,0.302,3.347
"8150",0,1,-0.118,14.334
"8150",0,1,0.312,13.557
"8150",0,1,-0.118,15.888
"8175",0,1,-0.468,7.097
"8175",0,1,0.532,14.017
"8175",0,1,-0.298,11.531
"8175",0,1,-0.298,4.705
"8175",0,1,0.502,23.58
"8188",0,1,-0.268,16.653
"8188",0,1,1.012,19.535
"8188",0,1,-0.018,14.778
"8188",0,1,-1.238,5.56
"8188",0,1,0.552,7.77
"8188",0,1,-0.328,5.678
"8188",0,1,-0.838,10.259
"8188",0,1,0.642,16.338
"8188",0,1,0.182,15.216
"8188",0,1,0.722,18.042
"8188",0,1,0.112,22.354
"8188",0,1,-0.838,8.841
"8188",0,1,0.212,14.848
"8188",0,1,0.142,12.023
"8188",0,1,0.242,22.365
"8188",0,1,1.072,14.47
"8188",0,1,-0.138,17.763
"8188",0,1,1.152,15.196
"8202",0,1,-0.818,6.469
"8202",0,1,0.242,-2.832
"8202",0,1,-0.648,7.709
"8202",0,1,0.452,14.051
"8202",0,1,-0.488,10.061
"8202",0,1,0.972,24.993
"8202",0,1,-0.148,2.165
"8202",0,1,-0.538,18.113
"8202",0,1,-0.278,14.518
"8202",0,1,1.242,5.585
"8202",0,1,-0.098,7.448
"8202",0,1,0.762,8.796
"8202",0,1,-0.188,6.546
"8202",0,1,-0.138,5.286
"8202",0,1,-0.758,16.395
"8357",0,1,-0.898,7.387
"8357",0,1,-1.288,7.075
"8357",0,1,0.382,11.736
"8357",0,1,0.042,12.51
"8357",0,1,0.682,1.017
"8357",0,1,0.182,18.33
"8357",0,1,0.432,21.836
"8357",0,1,-0.278,16.401
"8357",0,1,-0.068,14.133
"8357",0,1,0.202,20.013
"8357",0,1,-0.288,7.647
"8357",0,1,1.422,17.342
"8357",0,1,0.852,8.145
"8357",0,1,-0.488,14.142
"8357",0,1,-0.338,22.129
"8367",0,1,-0.208,1.865
"8367",0,1,0.662,2.122
"8367",0,1,0.242,6.788
"8367",0,1,-0.048,8.454
"8367",0,1,-0.458,4.841
"8367",0,1,1.202,6.227
"8367",0,1,-0.668,3.935
"8477",0,1,-0.308,10.036
"8477",0,1,0.062,7.733
"8477",0,1,-0.148,5.84
"8477",0,1,-0.438,7.276
"8477",0,1,-0.168,16.28
"8477",0,1,0.752,20.716
"8477",0,1,0.052,23.549
"8477",0,1,-0.468,5.671
"8477",0,1,0.812,20.73
"8477",0,1,0.762,21.586
"8477",0,1,0.732,13.676
"8477",0,1,0.202,9.743
"8477",0,1,0.662,14.076
"8477",0,1,-0.888,13.97
"8477",0,1,0.792,22.864
"8477",0,1,0.232,22.653
"8477",0,1,-0.418,5.642
"8477",0,1,0.572,8.135
"8477",0,1,-0.728,1.565
"8477",0,1,-0.468,4.173
"8477",0,1,0.262,5.811
"8531",0,1,-0.318,1.375
"8531",0,1,0.202,13.985
"8531",0,1,1.022,15.997
"8531",0,1,-0.628,23.696
"8531",0,1,1.092,21.366
"8531",0,1,0.452,7.204
"8531",0,1,1.332,18.817
"8531",0,1,-0.138,14.733
"8531",0,1,0.842,11.841
"8531",0,1,-0.008,5.538
"8531",0,1,0.932,23.501
"8531",0,1,1.052,23.397
"8531",0,1,0.232,8.15
"8531",0,1,-0.088,5.945
"8531",0,1,-0.128,10.358
"8531",0,1,1.512,7.166
"8531",0,1,0.312,22.895
"8627",0,1,0.832,10.904
"8627",0,1,-0.188,9.352
"8627",0,1,0.492,3.545
"8627",0,1,-0.388,12.752
"8627",0,1,-1.008,2.601
"8627",0,1,1.122,23.52
"8627",0,1,0.202,14.259
"8627",0,1,-0.288,2.829
"8627",0,1,0.942,16.438
"8627",0,1,0.172,14.354
"8627",0,1,0.462,11.378
"8627",0,1,1.082,12.22
"8627",0,1,-0.188,14.547
"8627",0,1,0.312,22.038
"8627",0,1,1.012,18.999
"8627",0,1,0.712,11.477
"8627",0,1,-0.598,4.575
"8627",0,1,0.682,6.703
"8627",0,1,0.122,15.088
"8627",0,1,0.442,11.712
"8628",0,1,0.562,14.281
"8628",0,1,-0.068,23.138
"8628",0,1,-0.468,9.572
"8628",0,1,-1.458,7.675
"8628",0,1,-0.188,18.135
"8628",0,1,0.492,12.788
"8628",0,1,-0.218,20.968
"8628",0,1,-0.118,15.202
"8628",0,1,-0.648,23.275
"8628",0,1,-0.088,21.022
"8628",0,1,-0.638,7.183
"8628",0,1,-0.558,12.681
"8628",0,1,-0.748,13.06
"8628",0,1,-0.598,21.008
"8628",0,1,-0.078,16.022
"8628",0,1,0.972,16.157
"8628",0,1,0.382,13.018
"8628",0,1,-1.008,11.458
"8628",0,1,0.192,22.103
"8628",0,1,-0.448,16.06
"8628",0,1,-0.448,19.281
"8628",0,1,-0.738,16.814
"8628",0,1,0.552,11.64
"8628",0,1,-0.588,-0.077
"8628",0,1,-0.168,13.917
"8628",0,1,-0.518,21.979
"8628",0,1,-0.558,21.145
"8628",0,1,0.132,12.272
"8628",0,1,0.192,10.535
"8628",0,1,-0.028,13.235
"8628",0,1,-1.098,23.053
"8628",0,1,0.442,15.184
"8628",0,1,-0.628,13.635
"8628",0,1,-0.598,18.262
"8628",0,1,-0.928,11.138
"8707",0,1,0.532,-2.832
"8707",0,1,1.212,17.679
"8707",0,1,-0.338,5.967
"8707",0,1,-1.028,1.85
"8707",0,1,-0.238,14.173
"8707",0,1,0.332,19.827
"8707",0,1,1.512,18.491
"8707",0,1,0.652,15.115
"8707",0,1,-0.208,4.75
"8707",0,1,0.662,18.867
"8707",0,1,0.922,13.598
"8707",0,1,0.202,18.772
"8707",0,1,-1.478,8.623
"8707",0,1,-0.238,15.624
"8707",0,1,1.512,20.237
"8707",0,1,0.762,20.006
"8707",0,1,0.172,8.586
"8707",0,1,-0.458,15.668
"8707",0,1,0.902,7.304
"8775",0,1,-0.948,6.19
"8775",0,1,0.072,15.712
"8775",0,1,0.132,8.329
"8775",0,1,-0.878,8.329
"8775",0,1,1.022,7.706
"8775",0,1,-0.108,8.265
"8775",0,1,-0.928,15.78
"8775",0,1,-0.028,14.757
"8775",0,1,-0.258,3.461
"8775",0,1,-0.008,8.295
"8775",0,1,-0.228,12.233
"8775",0,1,0.192,7.218
"8775",0,1,0.532,4.191
"8775",0,1,-0.668,16.424
"8775",0,1,-0.678,13.971
"8775",0,1,-0.408,12.19
"8775",0,1,0.772,10.841
"8775",0,1,0.402,4.45
"8775",0,1,-0.738,-1.443
"8800",0,1,-0.028,7.625
"8800",0,1,-0.908,11.026
"8800",0,1,-1.448,13.904
"8800",0,1,0.162,21.687
"8800",0,1,-1.658,3.548
"8800",0,1,0.502,8.854
"8800",0,1,-1.478,-2.641
"8800",0,1,1.122,12.82
"8854",0,1,-0.608,4.773
"8854",0,1,-0.538,7.65
"8854",0,1,-0.938,12.727
"8854",0,1,-0.238,-2.832
"8854",0,1,-0.448,12.224
"8854",0,1,-0.108,2.188
"8854",0,1,-0.368,4.62
"8854",0,1,-0.818,2.63
"8854",0,1,-1.248,5.343
"8854",0,1,-0.888,6.937
"8854",0,1,-2.178,4.606
"8854",0,1,-1.448,5.122
"8854",0,1,-0.418,4.918
"8854",0,1,-0.958,-2.658
"8854",0,1,-1.268,10.715
"8857",0,1,0.512,17.492
"8857",0,1,0.892,17.413
"8857",0,1,1.022,18.757
"8857",0,1,0.792,20.185
"8857",0,1,1.362,13.342
"8857",0,1,0.642,14.082
"8857",0,1,1.512,23.652
"8857",0,1,0.512,18.621
"8857",0,1,0.542,17.683
"8857",0,1,0.312,16.735
"8857",0,1,1.042,-0.14
"8874",0,1,0.102,20.746
"8874",0,1,0.972,19.311
"8874",0,1,-0.358,20.171
"8874",0,1,-0.928,3.16
"8874",0,1,-0.808,8.11
"8874",0,1,-0.008,23.286
"8874",0,1,-0.568,7.779
"8874",0,1,-1.058,7.957
"8874",0,1,0.612,15.863
"8874",0,1,-0.698,19.71
"8874",0,1,0.822,7.606
"8874",0,1,-0.258,8.668
"8874",0,1,-0.318,18.384
"8874",0,1,-0.358,4.474
"8946",0,1,-1.008,14.962
"8946",0,1,0.242,13.352
"8946",0,1,-0.258,10.124
"8946",0,1,-0.478,8.391
"8946",0,1,0.622,18.457
"8946",0,1,0.312,12.346
"8946",0,1,-0.718,3.47
"8946",0,1,-0.078,15.283
"8946",0,1,0.552,17.316
"8946",0,1,-0.638,7.328
"8946",0,1,-0.078,17.221
"8946",0,1,-1.258,7.328
"8946",0,1,-1.998,15.81
"8946",0,1,-2.028,4.247
"8946",0,1,-0.308,19.331
"8946",0,1,-0.868,4.166
"8946",0,1,-0.578,7.813
"8946",0,1,-0.398,6.651
"8946",0,1,-1.408,8.849
"8946",0,1,-0.538,7.665
"8946",0,1,0.182,3.075
"8946",0,1,-1.028,9.051
"8946",0,1,-1.878,6.055
"8946",0,1,0.442,17.409
"8946",0,1,0.742,13.963
"8946",0,1,0.062,4.218
"8946",0,1,-1.188,6.841
"8946",0,1,-0.118,14.024
"8946",0,1,-0.238,14.849
"8983",0,1,-0.418,2.723
"8983",0,1,1.352,20.864
"8983",0,1,0.872,15.817
"8983",0,1,-0.448,2.104
"8983",0,1,0.002,5.437
"8983",0,1,-0.358,5.128
"8983",0,1,-0.038,17.076
"8983",0,1,-0.598,4.805
"8983",0,1,-0.028,8.092
"8983",0,1,-1.268,-0.229
"8983",0,1,-0.918,17.207
"8983",0,1,-0.138,10.649
"8983",0,1,-1.538,0.209
"8983",0,1,-0.508,14.037
"8983",0,1,-0.638,12.138
"8983",0,1,0.072,8.025
"8983",0,1,-1.158,10.946
"8983",0,1,-1.308,10.981
"8983",0,1,-0.718,1.824
"8983",0,1,0.202,9.138
"8983",0,1,-0.598,10.072
"8983",0,1,-0.208,4.211
"9021",0,1,-0.268,10.166
"9021",0,1,0.612,13.446
"9021",0,1,0.882,18.884
"9021",0,1,0.212,12.508
"9021",0,1,0.212,14.704
"9021",0,1,0.832,15.8
"9021",0,1,0.872,18.408
"9021",0,1,1.072,12.915
"9021",0,1,1.072,22.768
"9021",0,1,0.462,1.424
"9021",0,1,1.222,18.277
"9021",0,1,-0.428,18.099
"9021",0,1,-0.588,13.149
"9021",0,1,-0.308,15.624
"9021",0,1,-0.098,14.191
"9021",0,1,0.162,10.975
"9021",0,1,1.512,11.363
"9021",0,1,-0.378,20.577
"9021",0,1,0.012,0.369
"9021",0,1,1.512,18.687
"9021",0,1,1.052,11.575
"9021",0,1,0.972,17.531
"9021",0,1,1.222,13.188
"9104",0,1,0.832,23.118
"9104",0,1,0.722,8.767
"9104",0,1,0.932,15.428
"9104",0,1,1.072,19.775
"9104",0,1,-0.258,18.23
"9104",0,1,0.692,22.683
"9104",0,1,0.832,19.117
"9104",0,1,1.022,16.976
"9104",0,1,0.822,15.359
"9104",0,1,-0.078,19.648
"9104",0,1,1.352,22.618
"9104",0,1,1.162,22.421
"9104",0,1,0.972,9.495
"9104",0,1,1.082,18.671
"9104",0,1,0.362,13.232
"9104",0,1,0.032,23.768
"9104",0,1,0.892,17.148
"9104",0,1,1.002,24.292
"9104",0,1,0.772,16.744
"9104",0,1,1.422,23.811
"9104",0,1,0.602,9.95
"9104",0,1,1.512,20.424
"9104",0,1,-0.188,10.35
"9104",0,1,1.022,10.009
"9104",0,1,-0.448,10.807
"9104",0,1,1.262,6.392
"9104",0,1,0.552,16.591
"9104",0,1,0.532,-0.909
"9104",0,1,1.172,17.285
"9104",0,1,0.592,19.983
"9104",0,1,1.212,13.605
"9104",0,1,0.632,8.324
"9104",0,1,0.622,17.342
"9104",0,1,0.852,7.827
"9104",0,1,0.242,20.866
"9158",0,1,-0.418,4.289
"9158",0,1,-0.538,0.699
"9158",0,1,0.482,13.823
"9158",0,1,-0.338,14.639
"9158",0,1,-0.478,16.541
"9158",0,1,-0.778,17.728
"9158",0,1,-0.198,15.549
"9158",0,1,1.182,12.369
"9158",0,1,-0.468,5.308
"9158",0,1,0.952,14.174
"9158",0,1,0.572,16.376
"9158",0,1,-0.638,4.701
"9158",0,1,0.212,15.053
"9158",0,1,-1.358,9.047
"9158",0,1,0.192,6.432
"9158",0,1,-0.428,17.976
"9158",0,1,-0.028,9.207
"9158",0,1,-0.238,7.032
"9158",0,1,-0.468,10.802
"9158",0,1,0.012,15.666
"9158",0,1,-0.228,9.707
"9158",0,1,-2.248,-0.883
"9158",0,1,-0.168,9.743
"9158",0,1,-0.838,11.488
"9158",0,1,0.232,13.352
"9225",0,1,1.042,14.876
"9225",0,1,-0.108,13.668
"9225",0,1,0.982,20.47
"9225",0,1,-0.018,5.882
"9225",0,1,-0.568,15.265
"9225",0,1,0.402,19.958
"9225",0,1,0.162,14.464
"9225",0,1,0.512,22.169
"9225",0,1,1.072,12.849
"9225",0,1,-0.258,13.214
"9225",0,1,-0.958,12.84
"9225",0,1,0.682,23.277
"9225",0,1,1.302,24.479
"9225",0,1,0.852,22.818
"9225",0,1,0.792,5.3
"9225",0,1,-0.018,14.461
"9225",0,1,1.092,-1.429
"9225",0,1,-0.508,15.292
"9225",0,1,-0.738,20.489
"9225",0,1,0.782,6.708
"9340",0,1,-0.128,20.636
"9340",0,1,-1.188,9.618
"9340",0,1,-0.118,15.085
"9340",0,1,-0.358,22.32
"9340",0,1,-0.858,9.98
"9340",0,1,-0.418,22.512
"9340",0,1,-0.278,15.767
"9340",0,1,0.652,9.429
"9340",0,1,0.002,10.777
"9340",0,1,0.442,19.624
"9340",0,1,-1.528,1.927
"9340",0,1,-0.858,-1.864
"9340",0,1,-0.278,9.759
"9340",0,1,-1.358,10.346
"9340",0,1,-0.178,10.944
"9340",0,1,-0.138,4.009
"9340",0,1,0.372,13.19
"9340",0,1,-1.578,0.726
"9347",0,1,0.012,21.829
"9347",0,1,-0.238,21.085
"9347",0,1,-0.008,16.956
"9347",0,1,-0.498,6.02
"9347",0,1,-0.758,12.769
"9347",0,1,-0.508,8.61
"9347",0,1,-0.118,14.542
"9347",0,1,0.502,7.608
"9347",0,1,-1.148,1.011
"9347",0,1,-0.278,16.734
"9347",0,1,0.082,5.249
"9347",0,1,0.132,18.415
"9347",0,1,-0.388,1.306
"9347",0,1,0.482,16.206
"9347",0,1,0.312,17.321
"9347",0,1,-0.178,22.095
"9347",0,1,-1.238,8.699
"9347",0,1,0.532,19.703
"9347",0,1,0.522,11.49
"9347",0,1,-0.568,14.605
"9347",0,1,0.432,19.341
"9347",0,1,1.512,5.399
"9347",0,1,-0.388,15.283
"9347",0,1,0.702,19.612
"9347",0,1,0.832,18.056
"9347",0,1,-0.058,12.163
"9347",0,1,-0.418,15.628
"9347",0,1,-0.018,10.382
"9347",0,1,-0.898,6.49
"9347",0,1,0.292,10.573
"9347",0,1,0.832,10.198
"9347",0,1,1.262,19.461
"9347",0,1,0.192,18.268
"9347",0,1,-0.508,4.648
"9347",0,1,0.202,-0.551
"9347",0,1,0.852,14.321
"9347",0,1,-0.408,6.9
"9347",0,1,-0.658,12.544
"9347",0,1,1.022,14.285
"9347",0,1,1.122,20.244
"9347",0,1,1.122,17.876
"9347",0,1,0.062,9.901
"9347",0,1,1.222,21.204
"9347",0,1,1.282,11.955
"9347",0,1,-0.718,23.151
"9347",0,1,-0.428,10.019
"9347",0,1,0.902,19.591
"9347",0,1,1.182,10.848
"9347",0,1,-0.008,13.801
"9347",0,1,0.292,9.858
"9347",0,1,1.282,14.498
"9347",0,1,-0.198,6.713
"9397",0,1,-0.468,19.521
"9397",0,1,0.202,13.382
"9397",0,1,-0.098,12.366
"9397",0,1,-0.338,21.362
"9397",0,1,-0.398,8.853
"9397",0,1,0.102,15.28
"9397",0,1,0.272,9.179
"9397",0,1,1.362,17.49
"9397",0,1,-0.448,2.436
"9397",0,1,-0.018,22.082
"9397",0,1,0.872,5.915
"9397",0,1,-0.168,11.493
"9397",0,1,-0.418,2.331
"9397",0,1,0.022,10.856
"9397",0,1,0.682,23.231
"9397",0,1,0.732,0.68
"9397",0,1,-1.288,-2.832
"9397",0,1,0.342,9.739
"9397",0,1,-0.038,1.836
"9397",0,1,0.842,3.774
"9397",0,1,-0.328,16.647
"9397",0,1,0.792,9.139
"9397",0,1,1.052,12.919
"9550",0,1,-0.688,7.77
"9550",0,1,-0.138,1.239
"9550",0,1,0.752,4.285
"9550",0,1,-0.008,20.975
"9550",0,1,0.472,20.149
"9550",0,1,1.012,23.818
"9550",0,1,0.312,6.76
"9550",0,1,1.382,6.951
"9550",0,1,1.512,10.676
"9550",0,1,0.212,3.266
"9550",0,1,-0.378,-2.231
"9550",0,1,1.072,21.846
"9550",0,1,1.212,19.599
"9550",0,1,-0.198,15.995
"9550",0,1,-0.858,10.249
"9586",0,1,0.852,14.076
"9586",0,1,0.762,5.112
"9586",0,1,0.882,23.715
"9586",0,1,0.212,7.974
"9586",0,1,0.522,23.962
"9586",0,1,1.242,22.206
"9586",0,1,-0.308,18.014
"9586",0,1,0.802,11.294
"9586",0,1,-0.258,11.124
"9586",0,1,1.212,-2.832
"9586",0,1,1.612,18.172
"9586",0,1,0.332,17.04
"9586",0,1,1.012,13.478
"9586",0,1,-0.858,7.476
"9586",0,1,-0.708,20.33
"9586",0,1,0.402,10.865
"9586",0,1,0.912,2.521
"9586",0,1,0.032,17.428
"9586",0,1,1.422,11.437
"9586",0,1,-0.138,17.589
"9586",0,1,-0.058,14.59
"9586",0,1,0.552,20.74
"9586",0,1,1.152,22.751
"9586",0,1,1.132,10.626
"9586",0,1,0.322,18.871
"9586",0,1,0.002,7.256
"9586",0,1,1.512,16.168
"9586",0,1,1.082,14.266
"9586",0,1,-0.598,9.595
"9586",0,1,0.522,19.664
"9586",0,1,0.932,24.479
"9586",0,1,0.972,21.53
"9586",0,1,0.532,15.021
"9586",0,1,0.842,9.67
"9586",0,1,-0.008,10.067
"9586",0,1,0.762,5.443
"9586",0,1,0.762,14.854
"9586",0,1,1.002,24.292
"9586",0,1,0.502,20.54
"9586",0,1,-0.068,8.603
"9586",0,1,0.882,16.553
"9586",0,1,1.282,18.329
"9586",0,1,0.112,24.993
"9586",0,1,0.952,4.244
"9586",0,1,0.922,7.759
"9586",0,1,0.362,18.487
"9586",0,1,1.302,18.519
"9586",0,1,0.512,11.949
"9586",0,1,0.602,4.021
"9586",0,1,1.212,15.26
"9586",0,1,1.022,22.78
"9586",0,1,1.512,20.402
"9586",0,1,-0.038,14.794
"9586",0,1,1.332,19.641
"9586",0,1,-0.008,16.241
"9586",0,1,0.792,22.733
