"Item 1","Item 2","Item 3","Item 4","Item 5","Obs","Exp","z1","se.z1"
0,0,0,0,0,3,2.27741164440572,-1.89534389371071,0.795482794081335
0,0,0,0,0,3,2.27741164440572,-1.89534389371071,0.795482794081335
0,0,0,0,0,3,2.27741164440572,-1.89534389371071,0.795482794081335
0,0,0,0,1,6,5.86076934506527,-1.47931399032872,0.796094752885479
0,0,0,0,1,6,5.86076934506527,-1.47931399032872,0.796094752885479
0,0,0,0,1,6,5.86076934506527,-1.47931399032872,0.796094752885479
0,0,0,0,1,6,5.86076934506527,-1.47931399032872,0.796094752885479
0,0,0,0,1,6,5.86076934506527,-1.47931399032872,0.796094752885479
0,0,0,0,1,6,5.86076934506527,-1.47931399032872,0.796094752885479
0,0,0,1,0,2,2.59585353700194,-1.45960553591978,0.796200224194243
0,0,0,1,0,2,2.59585353700194,-1.45960553591978,0.796200224194243
0,0,0,1,1,11,8.94220026959357,-1.04106133143369,0.800232676760027
0,0,0,1,1,11,8.94220026959357,-1.04106133143369,0.800232676760027
0,0,0,1,1,11,8.94220026959357,-1.04106133143369,0.800232676760027
0,0,0,1,1,11,8.94220026959357,-1.04106133143369,0.800232676760027
0,0,0,1,1,11,8.94220026959357,-1.04106133143369,0.800232676760027
0,0,0,1,1,11,8.94220026959357,-1.04106133143369,0.800232676760027
0,0,0,1,1,11,8.94220026959357,-1.04106133143369,0.800232676760027
0,0,0,1,1,11,8.94220026959357,-1.04106133143369,0.800232676760027
0,0,0,1,1,11,8.94220026959357,-1.04106133143369,0.800232676760027
0,0,0,1,1,11,8.94220026959357,-1.04106133143369,0.800232676760027
0,0,0,1,1,11,8.94220026959357,-1.04106133143369,0.800232676760027
0,0,1,0,0,1,0.696143004079836,-1.33148745870857,0.797064287206795
0,0,1,0,1,1,2.61363789487966,-0.911440009040044,0.802227365362895
0,0,1,1,0,3,1.17861290711713,-0.891416570932008,0.802569167808837
0,0,1,1,0,3,1.17861290711713,-0.891416570932008,0.802569167808837
0,0,1,1,0,3,1.17861290711713,-0.891416570932008,0.802569167808837
0,0,1,1,1,4,5.95472586308688,-0.463242102300636,0.812152665913422
0,0,1,1,1,4,5.95472586308688,-0.463242102300636,0.812152665913422
0,0,1,1,1,4,5.95472586308688,-0.463242102300636,0.812152665913422
0,0,1,1,1,4,5.95472586308688,-0.463242102300636,0.812152665913422
0,1,0,0,0,1,1.83982152366157,-1.43779860811737,0.796325348805706
0,1,0,0,1,8,6.43128823905017,-1.01902419919775,0.800545539633835
0,1,0,0,1,8,6.43128823905017,-1.01902419919775,0.800545539633835
0,1,0,0,1,8,6.43128823905017,-1.01902419919775,0.800545539633835
0,1,0,0,1,8,6.43128823905017,-1.01902419919775,0.800545539633835
0,1,0,0,1,8,6.43128823905017,-1.01902419919775,0.800545539633835
0,1,0,0,1,8,6.43128823905017,-1.01902419919775,0.800545539633835
0,1,0,0,1,8,6.43128823905017,-1.01902419919775,0.800545539633835
0,1,0,0,1,8,6.43128823905017,-1.01902419919775,0.800545539633835
0,1,0,1,1,16,13.5771669746207,-0.573349153555766,0.809263290046394
0,1,0,1,1,16,13.5771669746207,-0.573349153555766,0.809263290046394
0,1,0,1,1,16,13.5771669746207,-0.573349153555766,0.809263290046394
0,1,0,1,1,16,13.5771669746207,-0.573349153555766,0.809263290046394
0,1,0,1,1,16,13.5771669746207,-0.573349153555766,0.809263290046394
0,1,0,1,1,16,13.5771669746207,-0.573349153555766,0.809263290046394
0,1,0,1,1,16,13.5771669746207,-0.573349153555766,0.809263290046394
0,1,0,1,1,16,13.5771669746207,-0.573349153555766,0.809263290046394
0,1,0,1,1,16,13.5771669746207,-0.573349153555766,0.809263290046394
0,1,0,1,1,16,13.5771669746207,-0.573349153555766,0.809263290046394
0,1,0,1,1,16,13.5771669746207,-0.573349153555766,0.809263290046394
0,1,0,1,1,16,13.5771669746207,-0.573349153555766,0.809263290046394
0,1,0,1,1,16,13.5771669746207,-0.573349153555766,0.809263290046394
0,1,0,1,1,16,13.5771669746207,-0.573349153555766,0.809263290046394
0,1,0,1,1,16,13.5771669746207,-0.573349153555766,0.809263290046394
0,1,0,1,1,16,13.5771669746207,-0.573349153555766,0.809263290046394
0,1,1,0,1,3,4.37028007687696,-0.440533032721209,0.812785886637923
0,1,1,0,1,3,4.37028007687696,-0.440533032721209,0.812785886637923
0,1,1,0,1,3,4.37028007687696,-0.440533032721209,0.812785886637923
0,1,1,1,0,2,2.00039226231763,-0.419972503980582,0.813370219033495
0,1,1,1,0,2,2.00039226231763,-0.419972503980582,0.813370219033495
0,1,1,1,1,15,13.9199287636809,0.0226282806418315,0.828444429742818
0,1,1,1,1,15,13.9199287636809,0.0226282806418315,0.828444429742818
0,1,1,1,1,15,13.9199287636809,0.0226282806418315,0.828444429742818
0,1,1,1,1,15,13.9199287636809,0.0226282806418315,0.828444429742818
0,1,1,1,1,15,13.9199287636809,0.0226282806418315,0.828444429742818
0,1,1,1,1,15,13.9199287636809,0.0226282806418315,0.828444429742818
0,1,1,1,1,15,13.9199287636809,0.0226282806418315,0.828444429742818
0,1,1,1,1,15,13.9199287636809,0.0226282806418315,0.828444429742818
0,1,1,1,1,15,13.9199287636809,0.0226282806418315,0.828444429742818
0,1,1,1,1,15,13.9199287636809,0.0226282806418315,0.828444429742818
0,1,1,1,1,15,13.9199287636809,0.0226282806418315,0.828444429742818
0,1,1,1,1,15,13.9199287636809,0.0226282806418315,0.828444429742818
0,1,1,1,1,15,13.9199287636809,0.0226282806418315,0.828444429742818
0,1,1,1,1,15,13.9199287636809,0.0226282806418315,0.828444429742818
0,1,1,1,1,15,13.9199287636809,0.0226282806418315,0.828444429742818
1,0,0,0,0,10,9.47993436032511,-1.37282610012577,0.796751261883156
1,0,0,0,0,10,9.47993436032511,-1.37282610012577,0.796751261883156
1,0,0,0,0,10,9.47993436032511,-1.37282610012577,0.796751261883156
1,0,0,0,0,10,9.47993436032511,-1.37282610012577,0.796751261883156
1,0,0,0,0,10,9.47993436032511,-1.37282610012577,0.796751261883156
1,0,0,0,0,10,9.47993436032511,-1.37282610012577,0.796751261883156
1,0,0,0,0,10,9.47993436032511,-1.37282610012577,0.796751261883156
1,0,0,0,0,10,9.47993436032511,-1.37282610012577,0.796751261883156
1,0,0,0,0,10,9.47993436032511,-1.37282610012577,0.796751261883156
1,0,0,0,0,10,9.47993436032511,-1.37282610012577,0.796751261883156
1,0,0,0,1,29,34.6164742131167,-0.953303708422336,0.80154214477155
1,0,0,0,1,29,34.6164742131167,-0.953303708422336,0.80154214477155
1,0,0,0,1,29,34.6164742131167,-0.953303708422336,0.80154214477155
1,0,0,0,1,29,34.6164742131167,-0.953303708422336,0.80154214477155
1,0,0,0,1,29,34.6164742131167,-0.953303708422336,0.80154214477155
1,0,0,0,1,29,34.6164742131167,-0.953303708422336,0.80154214477155
1,0,0,0,1,29,34.6164742131167,-0.953303708422336,0.80154214477155
1,0,0,0,1,29,34.6164742131167,-0.953303708422336,0.80154214477155
1,0,0,0,1,29,34.6164742131167,-0.953303708422336,0.80154214477155
1,0,0,0,1,29,34.6164742131167,-0.953303708422336,0.80154214477155
1,0,0,0,1,29,34.6164742131167,-0.953303708422336,0.80154214477155
1,0,0,0,1,29,34.6164742131167,-0.953303708422336,0.80154214477155
1,0,0,0,1,29,34.6164742131167,-0.953303708422336,0.80154214477155
1,0,0,0,1,29,34.6164742131167,-0.953303708422336,0.80154214477155
1,0,0,0,1,29,34.6164742131167,-0.953303708422336,0.80154214477155
1,0,0,0,1,29,34.6164742131167,-0.953303708422336,0.80154214477155
1,0,0,0,1,29,34.6164742131167,-0.953303708422336,0.80154214477155
1,0,0,0,1,29,34.6164742131167,-0.953303708422336,0.80154214477155
1,0,0,0,1,29,34.6164742131167,-0.953303708422336,0.80154214477155
1,0,0,0,1,29,34.6164742131167,-0.953303708422336,0.80154214477155
1,0,0,0,1,29,34.6164742131167,-0.953303708422336,0.80154214477155
1,0,0,0,1,29,34.6164742131167,-0.953303708422336,0.80154214477155
1,0,0,0,1,29,34.6164742131167,-0.953303708422336,0.80154214477155
1,0,0,0,1,29,34.6164742131167,-0.953303708422336,0.80154214477155
1,0,0,0,1,29,34.6164742131167,-0.953303708422336,0.80154214477155
1,0,0,0,1,29,34.6164742131167,-0.953303708422336,0.80154214477155
1,0,0,0,1,29,34.6164742131167,-0.953303708422336,0.80154214477155
1,0,0,0,1,29,34.6164742131167,-0.953303708422336,0.80154214477155
1,0,0,0,1,29,34.6164742131167,-0.953303708422336,0.80154214477155
1,0,0,1,0,14,15.5895277205989,-0.933315215417492,0.801864375244044
1,0,0,1,0,14,15.5895277205989,-0.933315215417492,0.801864375244044
1,0,0,1,0,14,15.5895277205989,-0.933315215417492,0.801864375244044
1,0,0,1,0,14,15.5895277205989,-0.933315215417492,0.801864375244044
1,0,0,1,0,14,15.5895277205989,-0.933315215417492,0.801864375244044
1,0,0,1,0,14,15.5895277205989,-0.933315215417492,0.801864375244044
1,0,0,1,0,14,15.5895277205989,-0.933315215417492,0.801864375244044
1,0,0,1,0,14,15.5895277205989,-0.933315215417492,0.801864375244044
1,0,0,1,0,14,15.5895277205989,-0.933315215417492,0.801864375244044
1,0,0,1,0,14,15.5895277205989,-0.933315215417492,0.801864375244044
1,0,0,1,0,14,15.5895277205989,-0.933315215417492,0.801864375244044
1,0,0,1,0,14,15.5895277205989,-0.933315215417492,0.801864375244044
1,0,0,1,0,14,15.5895277205989,-0.933315215417492,0.801864375244044
1,0,0,1,0,14,15.5895277205989,-0.933315215417492,0.801864375244044
1,0,0,1,1,81,76.5615376553225,-0.506125254380244,0.810991737118606
1,0,0,1,1,81,76.5615376553225,-0.506125254380244,0.810991737118606
1,0,0,1,1,81,76.5615376553225,-0.506125254380244,0.810991737118606
1,0,0,1,1,81,76.5615376553225,-0.506125254380244,0.810991737118606
1,0,0,1,1,81,76.5615376553225,-0.506125254380244,0.810991737118606
1,0,0,1,1,81,76.5615376553225,-0.506125254380244,0.810991737118606
1,0,0,1,1,81,76.5615376553225,-0.506125254380244,0.810991737118606
1,0,0,1,1,81,76.5615376553225,-0.506125254380244,0.810991737118606
1,0,0,1,1,81,76.5615376553225,-0.506125254380244,0.810991737118606
1,0,0,1,1,81,76.5615376553225,-0.506125254380244,0.810991737118606
1,0,0,1,1,81,76.5615376553225,-0.506125254380244,0.810991737118606
1,0,0,1,1,81,76.5615376553225,-0.506125254380244,0.810991737118606
1,0,0,1,1,81,76.5615376553225,-0.506125254380244,0.810991737118606
1,0,0,1,1,81,76.5615376553225,-0.506125254380244,0.810991737118606
1,0,0,1,1,81,76.5615376553225,-0.506125254380244,0.810991737118606
1,0,0,1,1,81,76.5615376553225,-0.506125254380244,0.810991737118606
1,0,0,1,1,81,76.5615376553225,-0.506125254380244,0.810991737118606
1,0,0,1,1,81,76.5615376553225,-0.506125254380244,0.810991737118606
1,0,0,1,1,81,76.5615376553225,-0.506125254380244,0.810991737118606
1,0,0,1,1,81,76.5615376553225,-0.506125254380244,0.810991737118606
1,0,0,1,1,81,76.5615376553225,-0.506125254380244,0.810991737118606
1,0,0,1,1,81,76.5615376553225,-0.506125254380244,0.810991737118606
1,0,0,1,1,81,76.5615376553225,-0.506125254380244,0.810991737118606
1,0,0,1,1,81,76.5615376553225,-0.506125254380244,0.810991737118606
1,0,0,1,1,81,76.5615376553225,-0.506125254380244,0.810991737118606
1,0,0,1,1,81,76.5615376553225,-0.506125254380244,0.810991737118606
1,0,0,1,1,81,76.5615376553225,-0.506125254380244,0.810991737118606
1,0,0,1,1,81,76.5615376553225,-0.506125254380244,0.810991737118606
1,0,0,1,1,81,76.5615376553225,-0.506125254380244,0.810991737118606
1,0,0,1,1,81,76.5615376553225,-0.506125254380244,0.810991737118606
1,0,0,1,1,81,76.5615376553225,-0.506125254380244,0.810991737118606
1,0,0,1,1,81,76.5615376553225,-0.506125254380244,0.810991737118606
1,0,0,1,1,81,76.5615376553225,-0.506125254380244,0.810991737118606
1,0,0,1,1,81,76.5615376553225,-0.506125254380244,0.810991737118606
1,0,0,1,1,81,76.5615376553225,-0.506125254380244,0.810991737118606
1,0,0,1,1,81,76.5615376553225,-0.506125254380244,0.810991737118606
1,0,0,1,1,81,76.5615376553225,-0.506125254380244,0.810991737118606
1,0,0,1,1,81,76.5615376553225,-0.506125254380244,0.810991737118606
1,0,0,1,1,81,76.5615376553225,-0.506125254380244,0.810991737118606
1,0,0,1,1,81,76.5615376553225,-0.506125254380244,0.810991737118606
1,0,0,1,1,81,76.5615376553225,-0.506125254380244,0.810991737118606
1,0,0,1,1,81,76.5615376553225,-0.506125254380244,0.810991737118606
1,0,0,1,1,81,76.5615376553225,-0.506125254380244,0.810991737118606
1,0,0,1,1,81,76.5615376553225,-0.506125254380244,0.810991737118606
1,0,0,1,1,81,76.5615376553225,-0.506125254380244,0.810991737118606
1,0,0,1,1,81,76.5615376553225,-0.506125254380244,0.810991737118606
1,0,0,1,1,81,76.5615376553225,-0.506125254380244,0.810991737118606
1,0,0,1,1,81,76.5615376553225,-0.506125254380244,0.810991737118606
1,0,0,1,1,81,76.5615376553225,-0.506125254380244,0.810991737118606
1,0,0,1,1,81,76.5615376553225,-0.506125254380244,0.810991737118606
1,0,0,1,1,81,76.5615376553225,-0.506125254380244,0.810991737118606
1,0,0,1,1,81,76.5615376553225,-0.506125254380244,0.810991737118606
1,0,0,1,1,81,76.5615376553225,-0.506125254380244,0.810991737118606
1,0,0,1,1,81,76.5615376553225,-0.506125254380244,0.810991737118606
1,0,0,1,1,81,76.5615376553225,-0.506125254380244,0.810991737118606
1,0,0,1,1,81,76.5615376553225,-0.506125254380244,0.810991737118606
1,0,0,1,1,81,76.5615376553225,-0.506125254380244,0.810991737118606
1,0,0,1,1,81,76.5615376553225,-0.506125254380244,0.810991737118606
1,0,0,1,1,81,76.5615376553225,-0.506125254380244,0.810991737118606
1,0,0,1,1,81,76.5615376553225,-0.506125254380244,0.810991737118606
1,0,0,1,1,81,76.5615376553225,-0.506125254380244,0.810991737118606
1,0,0,1,1,81,76.5615376553225,-0.506125254380244,0.810991737118606
1,0,0,1,1,81,76.5615376553225,-0.506125254380244,0.810991737118606
1,0,0,1,1,81,76.5615376553225,-0.506125254380244,0.810991737118606
1,0,0,1,1,81,76.5615376553225,-0.506125254380244,0.810991737118606
1,0,0,1,1,81,76.5615376553225,-0.506125254380244,0.810991737118606
1,0,0,1,1,81,76.5615376553225,-0.506125254380244,0.810991737118606
1,0,0,1,1,81,76.5615376553225,-0.506125254380244,0.810991737118606
1,0,0,1,1,81,76.5615376553225,-0.506125254380244,0.810991737118606
1,0,0,1,1,81,76.5615376553225,-0.506125254380244,0.810991737118606
1,0,0,1,1,81,76.5615376553225,-0.506125254380244,0.810991737118606
1,0,0,1,1,81,76.5615376553225,-0.506125254380244,0.810991737118606
1,0,0,1,1,81,76.5615376553225,-0.506125254380244,0.810991737118606
1,0,0,1,1,81,76.5615376553225,-0.506125254380244,0.810991737118606
1,0,0,1,1,81,76.5615376553225,-0.506125254380244,0.810991737118606
1,0,0,1,1,81,76.5615376553225,-0.506125254380244,0.810991737118606
1,0,0,1,1,81,76.5615376553225,-0.506125254380244,0.810991737118606
1,0,0,1,1,81,76.5615376553225,-0.506125254380244,0.810991737118606
1,0,0,1,1,81,76.5615376553225,-0.506125254380244,0.810991737118606
1,0,0,1,1,81,76.5615376553225,-0.506125254380244,0.810991737118606
1,0,0,1,1,81,76.5615376553225,-0.506125254380244,0.810991737118606
1,0,1,0,0,3,4.65881178969134,-0.803108211750035,0.804186856331844
1,0,1,0,0,3,4.65881178969134,-0.803108211750035,0.804186856331844
1,0,1,0,0,3,4.65881178969134,-0.803108211750035,0.804186856331844
1,0,1,0,1,28,24.9885885363666,-0.372704682519049,0.814753283101176
1,0,1,0,1,28,24.9885885363666,-0.372704682519049,0.814753283101176
1,0,1,0,1,28,24.9885885363666,-0.372704682519049,0.814753283101176
1,0,1,0,1,28,24.9885885363666,-0.372704682519049,0.814753283101176
1,0,1,0,1,28,24.9885885363666,-0.372704682519049,0.814753283101176
1,0,1,0,1,28,24.9885885363666,-0.372704682519049,0.814753283101176
1,0,1,0,1,28,24.9885885363666,-0.372704682519049,0.814753283101176
1,0,1,0,1,28,24.9885885363666,-0.372704682519049,0.814753283101176
1,0,1,0,1,28,24.9885885363666,-0.372704682519049,0.814753283101176
1,0,1,0,1,28,24.9885885363666,-0.372704682519049,0.814753283101176
1,0,1,0,1,28,24.9885885363666,-0.372704682519049,0.814753283101176
1,0,1,0,1,28,24.9885885363666,-0.372704682519049,0.814753283101176
1,0,1,0,1,28,24.9885885363666,-0.372704682519049,0.814753283101176
1,0,1,0,1,28,24.9885885363666,-0.372704682519049,0.814753283101176
1,0,1,0,1,28,24.9885885363666,-0.372704682519049,0.814753283101176
1,0,1,0,1,28,24.9885885363666,-0.372704682519049,0.814753283101176
1,0,1,0,1,28,24.9885885363666,-0.372704682519049,0.814753283101176
1,0,1,0,1,28,24.9885885363666,-0.372704682519049,0.814753283101176
1,0,1,0,1,28,24.9885885363666,-0.372704682519049,0.814753283101176
1,0,1,0,1,28,24.9885885363666,-0.372704682519049,0.814753283101176
1,0,1,0,1,28,24.9885885363666,-0.372704682519049,0.814753283101176
1,0,1,0,1,28,24.9885885363666,-0.372704682519049,0.814753283101176
1,0,1,0,1,28,24.9885885363666,-0.372704682519049,0.814753283101176
1,0,1,0,1,28,24.9885885363666,-0.372704682519049,0.814753283101176
1,0,1,0,1,28,24.9885885363666,-0.372704682519049,0.814753283101176
1,0,1,0,1,28,24.9885885363666,-0.372704682519049,0.814753283101176
1,0,1,0,1,28,24.9885885363666,-0.372704682519049,0.814753283101176
1,0,1,0,1,28,24.9885885363666,-0.372704682519049,0.814753283101176
1,0,1,1,0,15,11.4625533674144,-0.3520438518502,0.815375185807585
1,0,1,1,0,15,11.4625533674144,-0.3520438518502,0.815375185807585
1,0,1,1,0,15,11.4625533674144,-0.3520438518502,0.815375185807585
1,0,1,1,0,15,11.4625533674144,-0.3520438518502,0.815375185807585
1,0,1,1,0,15,11.4625533674144,-0.3520438518502,0.815375185807585
1,0,1,1,0,15,11.4625533674144,-0.3520438518502,0.815375185807585
1,0,1,1,0,15,11.4625533674144,-0.3520438518502,0.815375185807585
1,0,1,1,0,15,11.4625533674144,-0.3520438518502,0.815375185807585
1,0,1,1,0,15,11.4625533674144,-0.3520438518502,0.815375185807585
1,0,1,1,0,15,11.4625533674144,-0.3520438518502,0.815375185807585
1,0,1,1,0,15,11.4625533674144,-0.3520438518502,0.815375185807585
1,0,1,1,0,15,11.4625533674144,-0.3520438518502,0.815375185807585
1,0,1,1,0,15,11.4625533674144,-0.3520438518502,0.815375185807585
1,0,1,1,0,15,11.4625533674144,-0.3520438518502,0.815375185807585
1,0,1,1,0,15,11.4625533674144,-0.3520438518502,0.815375185807585
1,0,1,1,1,80,83.5410229487663,0.0931598358868505,0.831267170927425
1,0,1,1,1,80,83.5410229487663,0.0931598358868505,0.831267170927425
1,0,1,1,1,80,83.5410229487663,0.0931598358868505,0.831267170927425
1,0,1,1,1,80,83.5410229487663,0.0931598358868505,0.831267170927425
1,0,1,1,1,80,83.5410229487663,0.0931598358868505,0.831267170927425
1,0,1,1,1,80,83.5410229487663,0.0931598358868505,0.831267170927425
1,0,1,1,1,80,83.5410229487663,0.0931598358868505,0.831267170927425
1,0,1,1,1,80,83.5410229487663,0.0931598358868505,0.831267170927425
1,0,1,1,1,80,83.5410229487663,0.0931598358868505,0.831267170927425
1,0,1,1,1,80,83.5410229487663,0.0931598358868505,0.831267170927425
1,0,1,1,1,80,83.5410229487663,0.0931598358868505,0.831267170927425
1,0,1,1,1,80,83.5410229487663,0.0931598358868505,0.831267170927425
1,0,1,1,1,80,83.5410229487663,0.0931598358868505,0.831267170927425
1,0,1,1,1,80,83.5410229487663,0.0931598358868505,0.831267170927425
1,0,1,1,1,80,83.5410229487663,0.0931598358868505,0.831267170927425
1,0,1,1,1,80,83.5410229487663,0.0931598358868505,0.831267170927425
1,0,1,1,1,80,83.5410229487663,0.0931598358868505,0.831267170927425
1,0,1,1,1,80,83.5410229487663,0.0931598358868505,0.831267170927425
1,0,1,1,1,80,83.5410229487663,0.0931598358868505,0.831267170927425
1,0,1,1,1,80,83.5410229487663,0.0931598358868505,0.831267170927425
1,0,1,1,1,80,83.5410229487663,0.0931598358868505,0.831267170927425
1,0,1,1,1,80,83.5410229487663,0.0931598358868505,0.831267170927425
1,0,1,1,1,80,83.5410229487663,0.0931598358868505,0.831267170927425
1,0,1,1,1,80,83.5410229487663,0.0931598358868505,0.831267170927425
1,0,1,1,1,80,83.5410229487663,0.0931598358868505,0.831267170927425
1,0,1,1,1,80,83.5410229487663,0.0931598358868505,0.831267170927425
1,0,1,1,1,80,83.5410229487663,0.0931598358868505,0.831267170927425
1,0,1,1,1,80,83.5410229487663,0.0931598358868505,0.831267170927425
1,0,1,1,1,80,83.5410229487663,0.0931598358868505,0.831267170927425
1,0,1,1,1,80,83.5410229487663,0.0931598358868505,0.831267170927425
1,0,1,1,1,80,83.5410229487663,0.0931598358868505,0.831267170927425
1,0,1,1,1,80,83.5410229487663,0.0931598358868505,0.831267170927425
1,0,1,1,1,80,83.5410229487663,0.0931598358868505,0.831267170927425
1,0,1,1,1,80,83.5410229487663,0.0931598358868505,0.831267170927425
1,0,1,1,1,80,83.5410229487663,0.0931598358868505,0.831267170927425
1,0,1,1,1,80,83.5410229487663,0.0931598358868505,0.831267170927425
1,0,1,1,1,80,83.5410229487663,0.0931598358868505,0.831267170927425
1,0,1,1,1,80,83.5410229487663,0.0931598358868505,0.831267170927425
1,0,1,1,1,80,83.5410229487663,0.0931598358868505,0.831267170927425
1,0,1,1,1,80,83.5410229487663,0.0931598358868505,0.831267170927425
1,0,1,1,1,80,83.5410229487663,0.0931598358868505,0.831267170927425
1,0,1,1,1,80,83.5410229487663,0.0931598358868505,0.831267170927425
1,0,1,1,1,80,83.5410229487663,0.0931598358868505,0.831267170927425
1,0,1,1,1,80,83.5410229487663,0.0931598358868505,0.831267170927425
1,0,1,1,1,80,83.5410229487663,0.0931598358868505,0.831267170927425
1,0,1,1,1,80,83.5410229487663,0.0931598358868505,0.831267170927425
1,0,1,1,1,80,83.5410229487663,0.0931598358868505,0.831267170927425
1,0,1,1,1,80,83.5410229487663,0.0931598358868505,0.831267170927425
1,0,1,1,1,80,83.5410229487663,0.0931598358868505,0.831267170927425
1,0,1,1,1,80,83.5410229487663,0.0931598358868505,0.831267170927425
1,0,1,1,1,80,83.5410229487663,0.0931598358868505,0.831267170927425
1,0,1,1,1,80,83.5410229487663,0.0931598358868505,0.831267170927425
1,0,1,1,1,80,83.5410229487663,0.0931598358868505,0.831267170927425
1,0,1,1,1,80,83.5410229487663,0.0931598358868505,0.831267170927425
1,0,1,1,1,80,83.5410229487663,0.0931598358868505,0.831267170927425
1,0,1,1,1,80,83.5410229487663,0.0931598358868505,0.831267170927425
1,0,1,1,1,80,83.5410229487663,0.0931598358868505,0.831267170927425
1,0,1,1,1,80,83.5410229487663,0.0931598358868505,0.831267170927425
1,0,1,1,1,80,83.5410229487663,0.0931598358868505,0.831267170927425
1,0,1,1,1,80,83.5410229487663,0.0931598358868505,0.831267170927425
1,0,1,1,1,80,83.5410229487663,0.0931598358868505,0.831267170927425
1,0,1,1,1,80,83.5410229487663,0.0931598358868505,0.831267170927425
1,0,1,1,1,80,83.5410229487663,0.0931598358868505,0.831267170927425
1,0,1,1,1,80,83.5410229487663,0.0931598358868505,0.831267170927425
1,0,1,1,1,80,83.5410229487663,0.0931598358868505,0.831267170927425
1,0,1,1,1,80,83.5410229487663,0.0931598358868505,0.831267170927425
1,0,1,1,1,80,83.5410229487663,0.0931598358868505,0.831267170927425
1,0,1,1,1,80,83.5410229487663,0.0931598358868505,0.831267170927425
1,0,1,1,1,80,83.5410229487663,0.0931598358868505,0.831267170927425
1,0,1,1,1,80,83.5410229487663,0.0931598358868505,0.831267170927425
1,0,1,1,1,80,83.5410229487663,0.0931598358868505,0.831267170927425
1,0,1,1,1,80,83.5410229487663,0.0931598358868505,0.831267170927425
1,0,1,1,1,80,83.5410229487663,0.0931598358868505,0.831267170927425
1,0,1,1,1,80,83.5410229487663,0.0931598358868505,0.831267170927425
1,0,1,1,1,80,83.5410229487663,0.0931598358868505,0.831267170927425
1,0,1,1,1,80,83.5410229487663,0.0931598358868505,0.831267170927425
1,0,1,1,1,80,83.5410229487663,0.0931598358868505,0.831267170927425
1,0,1,1,1,80,83.5410229487663,0.0931598358868505,0.831267170927425
1,0,1,1,1,80,83.5410229487663,0.0931598358868505,0.831267170927425
1,0,1,1,1,80,83.5410229487663,0.0931598358868505,0.831267170927425
1,1,0,0,0,16,11.254471250898,-0.91118576454689,0.802231647796852
1,1,0,0,0,16,11.254471250898,-0.91118576454689,0.802231647796852
1,1,0,0,0,16,11.254471250898,-0.91118576454689,0.802231647796852
1,1,0,0,0,16,11.254471250898,-0.91118576454689,0.802231647796852
1,1,0,0,0,16,11.254471250898,-0.91118576454689,0.802231647796852
1,1,0,0,0,16,11.254471250898,-0.91118576454689,0.802231647796852
1,1,0,0,0,16,11.254471250898,-0.91118576454689,0.802231647796852
1,1,0,0,0,16,11.254471250898,-0.91118576454689,0.802231647796852
1,1,0,0,0,16,11.254471250898,-0.91118576454689,0.802231647796852
1,1,0,0,0,16,11.254471250898,-0.91118576454689,0.802231647796852
1,1,0,0,0,16,11.254471250898,-0.91118576454689,0.802231647796852
1,1,0,0,0,16,11.254471250898,-0.91118576454689,0.802231647796852
1,1,0,0,0,16,11.254471250898,-0.91118576454689,0.802231647796852
1,1,0,0,0,16,11.254471250898,-0.91118576454689,0.802231647796852
1,1,0,0,0,16,11.254471250898,-0.91118576454689,0.802231647796852
1,1,0,0,0,16,11.254471250898,-0.91118576454689,0.802231647796852
1,1,0,0,1,56,56.1054561023717,-0.4834816160721,0.811599071867158
1,1,0,0,1,56,56.1054561023717,-0.4834816160721,0.811599071867158
1,1,0,0,1,56,56.1054561023717,-0.4834816160721,0.811599071867158
1,1,0,0,1,56,56.1054561023717,-0.4834816160721,0.811599071867158
1,1,0,0,1,56,56.1054561023717,-0.4834816160721,0.811599071867158
1,1,0,0,1,56,56.1054561023717,-0.4834816160721,0.811599071867158
1,1,0,0,1,56,56.1054561023717,-0.4834816160721,0.811599071867158
1,1,0,0,1,56,56.1054561023717,-0.4834816160721,0.811599071867158
1,1,0,0,1,56,56.1054561023717,-0.4834816160721,0.811599071867158
1,1,0,0,1,56,56.1054561023717,-0.4834816160721,0.811599071867158
1,1,0,0,1,56,56.1054561023717,-0.4834816160721,0.811599071867158
1,1,0,0,1,56,56.1054561023717,-0.4834816160721,0.811599071867158
1,1,0,0,1,56,56.1054561023717,-0.4834816160721,0.811599071867158
1,1,0,0,1,56,56.1054561023717,-0.4834816160721,0.811599071867158
1,1,0,0,1,56,56.1054561023717,-0.4834816160721,0.811599071867158
1,1,0,0,1,56,56.1054561023717,-0.4834816160721,0.811599071867158
1,1,0,0,1,56,56.1054561023717,-0.4834816160721,0.811599071867158
1,1,0,0,1,56,56.1054561023717,-0.4834816160721,0.811599071867158
1,1,0,0,1,56,56.1054561023717,-0.4834816160721,0.811599071867158
1,1,0,0,1,56,56.1054561023717,-0.4834816160721,0.811599071867158
1,1,0,0,1,56,56.1054561023717,-0.4834816160721,0.811599071867158
1,1,0,0,1,56,56.1054561023717,-0.4834816160721,0.811599071867158
1,1,0,0,1,56,56.1054561023717,-0.4834816160721,0.811599071867158
1,1,0,0,1,56,56.1054561023717,-0.4834816160721,0.811599071867158
1,1,0,0,1,56,56.1054561023717,-0.4834816160721,0.811599071867158
1,1,0,0,1,56,56.1054561023717,-0.4834816160721,0.811599071867158
1,1,0,0,1,56,56.1054561023717,-0.4834816160721,0.811599071867158
1,1,0,0,1,56,56.1054561023717,-0.4834816160721,0.811599071867158
1,1,0,0,1,56,56.1054561023717,-0.4834816160721,0.811599071867158
1,1,0,0,1,56,56.1054561023717,-0.4834816160721,0.811599071867158
1,1,0,0,1,56,56.1054561023717,-0.4834816160721,0.811599071867158
1,1,0,0,1,56,56.1054561023717,-0.4834816160721,0.811599071867158
1,1,0,0,1,56,56.1054561023717,-0.4834816160721,0.811599071867158
1,1,0,0,1,56,56.1054561023717,-0.4834816160721,0.811599071867158
1,1,0,0,1,56,56.1054561023717,-0.4834816160721,0.811599071867158
1,1,0,0,1,56,56.1054561023717,-0.4834816160721,0.811599071867158
1,1,0,0,1,56,56.1054561023717,-0.4834816160721,0.811599071867158
1,1,0,0,1,56,56.1054561023717,-0.4834816160721,0.811599071867158
1,1,0,0,1,56,56.1054561023717,-0.4834816160721,0.811599071867158
1,1,0,0,1,56,56.1054561023717,-0.4834816160721,0.811599071867158
1,1,0,0,1,56,56.1054561023717,-0.4834816160721,0.811599071867158
1,1,0,0,1,56,56.1054561023717,-0.4834816160721,0.811599071867158
1,1,0,0,1,56,56.1054561023717,-0.4834816160721,0.811599071867158
1,1,0,0,1,56,56.1054561023717,-0.4834816160721,0.811599071867158
1,1,0,0,1,56,56.1054561023717,-0.4834816160721,0.811599071867158
1,1,0,0,1,56,56.1054561023717,-0.4834816160721,0.811599071867158
1,1,0,0,1,56,56.1054561023717,-0.4834816160721,0.811599071867158
1,1,0,0,1,56,56.1054561023717,-0.4834816160721,0.811599071867158
1,1,0,0,1,56,56.1054561023717,-0.4834816160721,0.811599071867158
1,1,0,0,1,56,56.1054561023717,-0.4834816160721,0.811599071867158
1,1,0,0,1,56,56.1054561023717,-0.4834816160721,0.811599071867158
1,1,0,0,1,56,56.1054561023717,-0.4834816160721,0.811599071867158
1,1,0,0,1,56,56.1054561023717,-0.4834816160721,0.811599071867158
1,1,0,0,1,56,56.1054561023717,-0.4834816160721,0.811599071867158
1,1,0,0,1,56,56.1054561023717,-0.4834816160721,0.811599071867158
1,1,0,0,1,56,56.1054561023717,-0.4834816160721,0.811599071867158
1,1,0,1,0,21,25.6460065982852,-0.462981517881484,0.812159859503186
1,1,0,1,0,21,25.6460065982852,-0.462981517881484,0.812159859503186
1,1,0,1,0,21,25.6460065982852,-0.462981517881484,0.812159859503186
1,1,0,1,0,21,25.6460065982852,-0.462981517881484,0.812159859503186
1,1,0,1,0,21,25.6460065982852,-0.462981517881484,0.812159859503186
1,1,0,1,0,21,25.6460065982852,-0.462981517881484,0.812159859503186
1,1,0,1,0,21,25.6460065982852,-0.462981517881484,0.812159859503186
1,1,0,1,0,21,25.6460065982852,-0.462981517881484,0.812159859503186
1,1,0,1,0,21,25.6460065982852,-0.462981517881484,0.812159859503186
1,1,0,1,0,21,25.6460065982852,-0.462981517881484,0.812159859503186
1,1,0,1,0,21,25.6460065982852,-0.462981517881484,0.812159859503186
1,1,0,1,0,21,25.6460065982852,-0.462981517881484,0.812159859503186
1,1,0,1,0,21,25.6460065982852,-0.462981517881484,0.812159859503186
1,1,0,1,0,21,25.6460065982852,-0.462981517881484,0.812159859503186
1,1,0,1,0,21,25.6460065982852,-0.462981517881484,0.812159859503186
1,1,0,1,0,21,25.6460065982852,-0.462981517881484,0.812159859503186
1,1,0,1,0,21,25.6460065982852,-0.462981517881484,0.812159859503186
1,1,0,1,0,21,25.6460065982852,-0.462981517881484,0.812159859503186
1,1,0,1,0,21,25.6460065982852,-0.462981517881484,0.812159859503186
1,1,0,1,0,21,25.6460065982852,-0.462981517881484,0.812159859503186
1,1,0,1,0,21,25.6460065982852,-0.462981517881484,0.812159859503186
1,1,0,1,1,173,173.310386905278,-0.0219598642407116,0.826716562434526
1,1,0,1,1,173,173.310386905278,-0.0219598642407116,0.826716562434526
1,1,0,1,1,173,173.310386905278,-0.0219598642407116,0.826716562434526
1,1,0,1,1,173,173.310386905278,-0.0219598642407116,0.826716562434526
1,1,0,1,1,173,173.310386905278,-0.0219598642407116,0.826716562434526
1,1,0,1,1,173,173.310386905278,-0.0219598642407116,0.826716562434526
1,1,0,1,1,173,173.310386905278,-0.0219598642407116,0.826716562434526
1,1,0,1,1,173,173.310386905278,-0.0219598642407116,0.826716562434526
1,1,0,1,1,173,173.310386905278,-0.0219598642407116,0.826716562434526
1,1,0,1,1,173,173.310386905278,-0.0219598642407116,0.826716562434526
1,1,0,1,1,173,173.310386905278,-0.0219598642407116,0.826716562434526
1,1,0,1,1,173,173.310386905278,-0.0219598642407116,0.826716562434526
1,1,0,1,1,173,173.310386905278,-0.0219598642407116,0.826716562434526
1,1,0,1,1,173,173.310386905278,-0.0219598642407116,0.826716562434526
1,1,0,1,1,173,173.310386905278,-0.0219598642407116,0.826716562434526
1,1,0,1,1,173,173.310386905278,-0.0219598642407116,0.826716562434526
1,1,0,1,1,173,173.310386905278,-0.0219598642407116,0.826716562434526
1,1,0,1,1,173,173.310386905278,-0.0219598642407116,0.826716562434526
1,1,0,1,1,173,173.310386905278,-0.0219598642407116,0.826716562434526
1,1,0,1,1,173,173.310386905278,-0.0219598642407116,0.826716562434526
1,1,0,1,1,173,173.310386905278,-0.0219598642407116,0.826716562434526
1,1,0,1,1,173,173.310386905278,-0.0219598642407116,0.826716562434526
1,1,0,1,1,173,173.310386905278,-0.0219598642407116,0.826716562434526
1,1,0,1,1,173,173.310386905278,-0.0219598642407116,0.826716562434526
1,1,0,1,1,173,173.310386905278,-0.0219598642407116,0.826716562434526
1,1,0,1,1,173,173.310386905278,-0.0219598642407116,0.826716562434526
1,1,0,1,1,173,173.310386905278,-0.0219598642407116,0.826716562434526
1,1,0,1,1,173,173.310386905278,-0.0219598642407116,0.826716562434526
1,1,0,1,1,173,173.310386905278,-0.0219598642407116,0.826716562434526
1,1,0,1,1,173,173.310386905278,-0.0219598642407116,0.826716562434526
1,1,0,1,1,173,173.310386905278,-0.0219598642407116,0.826716562434526
1,1,0,1,1,173,173.310386905278,-0.0219598642407116,0.826716562434526
1,1,0,1,1,173,173.310386905278,-0.0219598642407116,0.826716562434526
1,1,0,1,1,173,173.310386905278,-0.0219598642407116,0.826716562434526
1,1,0,1,1,173,173.310386905278,-0.0219598642407116,0.826716562434526
1,1,0,1,1,173,173.310386905278,-0.0219598642407116,0.826716562434526
1,1,0,1,1,173,173.310386905278,-0.0219598642407116,0.826716562434526
1,1,0,1,1,173,173.310386905278,-0.0219598642407116,0.826716562434526
1,1,0,1,1,173,173.310386905278,-0.0219598642407116,0.826716562434526
1,1,0,1,1,173,173.310386905278,-0.0219598642407116,0.826716562434526
1,1,0,1,1,173,173.310386905278,-0.0219598642407116,0.826716562434526
1,1,0,1,1,173,173.310386905278,-0.0219598642407116,0.826716562434526
1,1,0,1,1,173,173.310386905278,-0.0219598642407116,0.826716562434526
1,1,0,1,1,173,173.310386905278,-0.0219598642407116,0.826716562434526
1,1,0,1,1,173,173.310386905278,-0.0219598642407116,0.826716562434526
1,1,0,1,1,173,173.310386905278,-0.0219598642407116,0.826716562434526
1,1,0,1,1,173,173.310386905278,-0.0219598642407116,0.826716562434526
1,1,0,1,1,173,173.310386905278,-0.0219598642407116,0.826716562434526
1,1,0,1,1,173,173.310386905278,-0.0219598642407116,0.826716562434526
1,1,0,1,1,173,173.310386905278,-0.0219598642407116,0.826716562434526
1,1,0,1,1,173,173.310386905278,-0.0219598642407116,0.826716562434526
1,1,0,1,1,173,173.310386905278,-0.0219598642407116,0.826716562434526
1,1,0,1,1,173,173.310386905278,-0.0219598642407116,0.826716562434526
1,1,0,1,1,173,173.310386905278,-0.0219598642407116,0.826716562434526
1,1,0,1,1,173,173.310386905278,-0.0219598642407116,0.826716562434526
1,1,0,1,1,173,173.310386905278,-0.0219598642407116,0.826716562434526
1,1,0,1,1,173,173.310386905278,-0.0219598642407116,0.826716562434526
1,1,0,1,1,173,173.310386905278,-0.0219598642407116,0.826716562434526
1,1,0,1,1,173,173.310386905278,-0.0219598642407116,0.826716562434526
1,1,0,1,1,173,173.310386905278,-0.0219598642407116,0.826716562434526
1,1,0,1,1,173,173.310386905278,-0.0219598642407116,0.826716562434526
1,1,0,1,1,173,173.310386905278,-0.0219598642407116,0.826716562434526
1,1,0,1,1,173,173.310386905278,-0.0219598642407116,0.826716562434526
1,1,0,1,1,173,173.310386905278,-0.0219598642407116,0.826716562434526
1,1,0,1,1,173,173.310386905278,-0.0219598642407116,0.826716562434526
1,1,0,1,1,173,173.310386905278,-0.0219598642407116,0.826716562434526
1,1,0,1,1,173,173.310386905278,-0.0219598642407116,0.826716562434526
1,1,0,1,1,173,173.310386905278,-0.0219598642407116,0.826716562434526
1,1,0,1,1,173,173.310386905278,-0.0219598642407116,0.826716562434526
1,1,0,1,1,173,173.310386905278,-0.0219598642407116,0.826716562434526
1,1,0,1,1,173,173.310386905278,-0.0219598642407116,0.826716562434526
1,1,0,1,1,173,173.310386905278,-0.0219598642407116,0.826716562434526
1,1,0,1,1,173,173.310386905278,-0.0219598642407116,0.826716562434526
1,1,0,1,1,173,173.310386905278,-0.0219598642407116,0.826716562434526
1,1,0,1,1,173,173.310386905278,-0.0219598642407116,0.826716562434526
1,1,0,1,1,173,173.310386905278,-0.0219598642407116,0.826716562434526
1,1,0,1,1,173,173.310386905278,-0.0219598642407116,0.826716562434526
1,1,0,1,1,173,173.310386905278,-0.0219598642407116,0.826716562434526
1,1,0,1,1,173,173.310386905278,-0.0219598642407116,0.826716562434526
1,1,0,1,1,173,173.310386905278,-0.0219598642407116,0.826716562434526
1,1,0,1,1,173,173.310386905278,-0.0219598642407116,0.826716562434526
1,1,0,1,1,173,173.310386905278,-0.0219598642407116,0.826716562434526
1,1,0,1,1,173,173.310386905278,-0.0219598642407116,0.826716562434526
1,1,0,1,1,173,173.310386905278,-0.0219598642407116,0.826716562434526
1,1,0,1,1,173,173.310386905278,-0.0219598642407116,0.826716562434526
1,1,0,1,1,173,173.310386905278,-0.0219598642407116,0.826716562434526
1,1,0,1,1,173,173.310386905278,-0.0219598642407116,0.826716562434526
1,1,0,1,1,173,173.310386905278,-0.0219598642407116,0.826716562434526
1,1,0,1,1,173,173.310386905278,-0.0219598642407116,0.826716562434526
1,1,0,1,1,173,173.310386905278,-0.0219598642407116,0.826716562434526
1,1,0,1,1,173,173.310386905278,-0.0219598642407116,0.826716562434526
1,1,0,1,1,173,173.310386905278,-0.0219598642407116,0.826716562434526
1,1,0,1,1,173,173.310386905278,-0.0219598642407116,0.826716562434526
1,1,0,1,1,173,173.310386905278,-0.0219598642407116,0.826716562434526
1,1,0,1,1,173,173.310386905278,-0.0219598642407116,0.826716562434526
1,1,0,1,1,173,173.310386905278,-0.0219598642407116,0.826716562434526
1,1,0,1,1,173,173.310386905278,-0.0219598642407116,0.826716562434526
1,1,0,1,1,173,173.310386905278,-0.0219598642407116,0.826716562434526
1,1,0,1,1,173,173.310386905278,-0.0219598642407116,0.826716562434526
1,1,0,1,1,173,173.310386905278,-0.0219598642407116,0.826716562434526
1,1,0,1,1,173,173.310386905278,-0.0219598642407116,0.826716562434526
1,1,0,1,1,173,173.310386905278,-0.0219598642407116,0.826716562434526
1,1,0,1,1,173,173.310386905278,-0.0219598642407116,0.826716562434526
1,1,0,1,1,173,173.310386905278,-0.0219598642407116,0.826716562434526
1,1,0,1,1,173,173.310386905278,-0.0219598642407116,0.826716562434526
1,1,0,1,1,173,173.310386905278,-0.0219598642407116,0.826716562434526
1,1,0,1,1,173,173.310386905278,-0.0219598642407116,0.826716562434526
1,1,0,1,1,173,173.310386905278,-0.0219598642407116,0.826716562434526
1,1,0,1,1,173,173.310386905278,-0.0219598642407116,0.826716562434526
1,1,0,1,1,173,173.310386905278,-0.0219598642407116,0.826716562434526
1,1,0,1,1,173,173.310386905278,-0.0219598642407116,0.826716562434526
1,1,0,1,1,173,173.310386905278,-0.0219598642407116,0.826716562434526
1,1,0,1,1,173,173.310386905278,-0.0219598642407116,0.826716562434526
1,1,0,1,1,173,173.310386905278,-0.0219598642407116,0.826716562434526
1,1,0,1,1,173,173.310386905278,-0.0219598642407116,0.826716562434526
1,1,0,1,1,173,173.310386905278,-0.0219598642407116,0.826716562434526
1,1,0,1,1,173,173.310386905278,-0.0219598642407116,0.826716562434526
1,1,0,1,1,173,173.310386905278,-0.0219598642407116,0.826716562434526
1,1,0,1,1,173,173.310386905278,-0.0219598642407116,0.826716562434526
1,1,0,1,1,173,173.310386905278,-0.0219598642407116,0.826716562434526
1,1,0,1,1,173,173.310386905278,-0.0219598642407116,0.826716562434526
1,1,0,1,1,173,173.310386905278,-0.0219598642407116,0.826716562434526
1,1,0,1,1,173,173.310386905278,-0.0219598642407116,0.826716562434526
1,1,0,1,1,173,173.310386905278,-0.0219598642407116,0.826716562434526
1,1,0,1,1,173,173.310386905278,-0.0219598642407116,0.826716562434526
1,1,0,1,1,173,173.310386905278,-0.0219598642407116,0.826716562434526
1,1,0,1,1,173,173.310386905278,-0.0219598642407116,0.826716562434526
1,1,0,1,1,173,173.310386905278,-0.0219598642407116,0.826716562434526
1,1,0,1,1,173,173.310386905278,-0.0219598642407116,0.826716562434526
1,1,0,1,1,173,173.310386905278,-0.0219598642407116,0.826716562434526
1,1,0,1,1,173,173.310386905278,-0.0219598642407116,0.826716562434526
1,1,0,1,1,173,173.310386905278,-0.0219598642407116,0.826716562434526
1,1,0,1,1,173,173.310386905278,-0.0219598642407116,0.826716562434526
1,1,0,1,1,173,173.310386905278,-0.0219598642407116,0.826716562434526
1,1,0,1,1,173,173.310386905278,-0.0219598642407116,0.826716562434526
1,1,0,1,1,173,173.310386905278,-0.0219598642407116,0.826716562434526
1,1,0,1,1,173,173.310386905278,-0.0219598642407116,0.826716562434526
1,1,0,1,1,173,173.310386905278,-0.0219598642407116,0.826716562434526
1,1,0,1,1,173,173.310386905278,-0.0219598642407116,0.826716562434526
1,1,0,1,1,173,173.310386905278,-0.0219598642407116,0.826716562434526
1,1,0,1,1,173,173.310386905278,-0.0219598642407116,0.826716562434526
1,1,0,1,1,173,173.310386905278,-0.0219598642407116,0.826716562434526
1,1,0,1,1,173,173.310386905278,-0.0219598642407116,0.826716562434526
1,1,0,1,1,173,173.310386905278,-0.0219598642407116,0.826716562434526
1,1,0,1,1,173,173.310386905278,-0.0219598642407116,0.826716562434526
1,1,0,1,1,173,173.310386905278,-0.0219598642407116,0.826716562434526
1,1,0,1,1,173,173.310386905278,-0.0219598642407116,0.826716562434526
1,1,0,1,1,173,173.310386905278,-0.0219598642407116,0.826716562434526
1,1,0,1,1,173,173.310386905278,-0.0219598642407116,0.826716562434526
1,1,0,1,1,173,173.310386905278,-0.0219598642407116,0.826716562434526
1,1,0,1,1,173,173.310386905278,-0.0219598642407116,0.826716562434526
1,1,0,1,1,173,173.310386905278,-0.0219598642407116,0.826716562434526
1,1,0,1,1,173,173.310386905278,-0.0219598642407116,0.826716562434526
1,1,0,1,1,173,173.310386905278,-0.0219598642407116,0.826716562434526
1,1,0,1,1,173,173.310386905278,-0.0219598642407116,0.826716562434526
1,1,0,1,1,173,173.310386905278,-0.0219598642407116,0.826716562434526
1,1,0,1,1,173,173.310386905278,-0.0219598642407116,0.826716562434526
1,1,0,1,1,173,173.310386905278,-0.0219598642407116,0.826716562434526
1,1,0,1,1,173,173.310386905278,-0.0219598642407116,0.826716562434526
1,1,0,1,1,173,173.310386905278,-0.0219598642407116,0.826716562434526
1,1,0,1,1,173,173.310386905278,-0.0219598642407116,0.826716562434526
1,1,0,1,1,173,173.310386905278,-0.0219598642407116,0.826716562434526
1,1,0,1,1,173,173.310386905278,-0.0219598642407116,0.826716562434526
1,1,0,1,1,173,173.310386905278,-0.0219598642407116,0.826716562434526
1,1,0,1,1,173,173.310386905278,-0.0219598642407116,0.826716562434526
1,1,0,1,1,173,173.310386905278,-0.0219598642407116,0.826716562434526
1,1,0,1,1,173,173.310386905278,-0.0219598642407116,0.826716562434526
1,1,0,1,1,173,173.310386905278,-0.0219598642407116,0.826716562434526
1,1,0,1,1,173,173.310386905278,-0.0219598642407116,0.826716562434526
1,1,0,1,1,173,173.310386905278,-0.0219598642407116,0.826716562434526
1,1,0,1,1,173,173.310386905278,-0.0219598642407116,0.826716562434526
1,1,0,1,1,173,173.310386905278,-0.0219598642407116,0.826716562434526
1,1,0,1,1,173,173.310386905278,-0.0219598642407116,0.826716562434526
1,1,1,0,0,11,8.44544003644377,-0.329152858992237,0.816076528037624
1,1,1,0,0,11,8.44544003644377,-0.329152858992237,0.816076528037624
1,1,1,0,0,11,8.44544003644377,-0.329152858992237,0.816076528037624
1,1,1,0,0,11,8.44544003644377,-0.329152858992237,0.816076528037624
1,1,1,0,0,11,8.44544003644377,-0.329152858992237,0.816076528037624
1,1,1,0,0,11,8.44544003644377,-0.329152858992237,0.816076528037624
1,1,1,0,0,11,8.44544003644377,-0.329152858992237,0.816076528037624
1,1,1,0,0,11,8.44544003644377,-0.329152858992237,0.816076528037624
1,1,1,0,0,11,8.44544003644377,-0.329152858992237,0.816076528037624
1,1,1,0,0,11,8.44544003644377,-0.329152858992237,0.816076528037624
1,1,1,0,0,11,8.44544003644377,-0.329152858992237,0.816076528037624
1,1,1,0,1,61,62.5195521469107,0.116958864145197,0.832243732791561
1,1,1,0,1,61,62.5195521469107,0.116958864145197,0.832243732791561
1,1,1,0,1,61,62.5195521469107,0.116958864145197,0.832243732791561
1,1,1,0,1,61,62.5195521469107,0.116958864145197,0.832243732791561
1,1,1,0,1,61,62.5195521469107,0.116958864145197,0.832243732791561
1,1,1,0,1,61,62.5195521469107,0.116958864145197,0.832243732791561
1,1,1,0,1,61,62.5195521469107,0.116958864145197,0.832243732791561
1,1,1,0,1,61,62.5195521469107,0.116958864145197,0.832243732791561
1,1,1,0,1,61,62.5195521469107,0.116958864145197,0.832243732791561
1,1,1,0,1,61,62.5195521469107,0.116958864145197,0.832243732791561
1,1,1,0,1,61,62.5195521469107,0.116958864145197,0.832243732791561
1,1,1,0,1,61,62.5195521469107,0.116958864145197,0.832243732791561
1,1,1,0,1,61,62.5195521469107,0.116958864145197,0.832243732791561
1,1,1,0,1,61,62.5195521469107,0.116958864145197,0.832243732791561
1,1,1,0,1,61,62.5195521469107,0.116958864145197,0.832243732791561
1,1,1,0,1,61,62.5195521469107,0.116958864145197,0.832243732791561
1,1,1,0,1,61,62.5195521469107,0.116958864145197,0.832243732791561
1,1,1,0,1,61,62.5195521469107,0.116958864145197,0.832243732791561
1,1,1,0,1,61,62.5195521469107,0.116958864145197,0.832243732791561
1,1,1,0,1,61,62.5195521469107,0.116958864145197,0.832243732791561
1,1,1,0,1,61,62.5195521469107,0.116958864145197,0.832243732791561
1,1,1,0,1,61,62.5195521469107,0.116958864145197,0.832243732791561
1,1,1,0,1,61,62.5195521469107,0.116958864145197,0.832243732791561
1,1,1,0,1,61,62.5195521469107,0.116958864145197,0.832243732791561
1,1,1,0,1,61,62.5195521469107,0.116958864145197,0.832243732791561
1,1,1,0,1,61,62.5195521469107,0.116958864145197,0.832243732791561
1,1,1,0,1,61,62.5195521469107,0.116958864145197,0.832243732791561
1,1,1,0,1,61,62.5195521469107,0.116958864145197,0.832243732791561
1,1,1,0,1,61,62.5195521469107,0.116958864145197,0.832243732791561
1,1,1,0,1,61,62.5195521469107,0.116958864145197,0.832243732791561
1,1,1,0,1,61,62.5195521469107,0.116958864145197,0.832243732791561
1,1,1,0,1,61,62.5195521469107,0.116958864145197,0.832243732791561
1,1,1,0,1,61,62.5195521469107,0.116958864145197,0.832243732791561
1,1,1,0,1,61,62.5195521469107,0.116958864145197,0.832243732791561
1,1,1,0,1,61,62.5195521469107,0.116958864145197,0.832243732791561
1,1,1,0,1,61,62.5195521469107,0.116958864145197,0.832243732791561
1,1,1,0,1,61,62.5195521469107,0.116958864145197,0.832243732791561
1,1,1,0,1,61,62.5195521469107,0.116958864145197,0.832243732791561
1,1,1,0,1,61,62.5195521469107,0.116958864145197,0.832243732791561
1,1,1,0,1,61,62.5195521469107,0.116958864145197,0.832243732791561
1,1,1,0,1,61,62.5195521469107,0.116958864145197,0.832243732791561
1,1,1,0,1,61,62.5195521469107,0.116958864145197,0.832243732791561
1,1,1,0,1,61,62.5195521469107,0.116958864145197,0.832243732791561
1,1,1,0,1,61,62.5195521469107,0.116958864145197,0.832243732791561
1,1,1,0,1,61,62.5195521469107,0.116958864145197,0.832243732791561
1,1,1,0,1,61,62.5195521469107,0.116958864145197,0.832243732791561
1,1,1,0,1,61,62.5195521469107,0.116958864145197,0.832243732791561
1,1,1,0,1,61,62.5195521469107,0.116958864145197,0.832243732791561
1,1,1,0,1,61,62.5195521469107,0.116958864145197,0.832243732791561
1,1,1,0,1,61,62.5195521469107,0.116958864145197,0.832243732791561
1,1,1,0,1,61,62.5195521469107,0.116958864145197,0.832243732791561
1,1,1,0,1,61,62.5195521469107,0.116958864145197,0.832243732791561
1,1,1,0,1,61,62.5195521469107,0.116958864145197,0.832243732791561
1,1,1,0,1,61,62.5195521469107,0.116958864145197,0.832243732791561
1,1,1,0,1,61,62.5195521469107,0.116958864145197,0.832243732791561
1,1,1,0,1,61,62.5195521469107,0.116958864145197,0.832243732791561
1,1,1,0,1,61,62.5195521469107,0.116958864145197,0.832243732791561
1,1,1,0,1,61,62.5195521469107,0.116958864145197,0.832243732791561
1,1,1,0,1,61,62.5195521469107,0.116958864145197,0.832243732791561
1,1,1,0,1,61,62.5195521469107,0.116958864145197,0.832243732791561
1,1,1,0,1,61,62.5195521469107,0.116958864145197,0.832243732791561
1,1,1,1,0,28,29.1267009131097,0.138522047002066,0.833138794890278
1,1,1,1,0,28,29.1267009131097,0.138522047002066,0.833138794890278
1,1,1,1,0,28,29.1267009131097,0.138522047002066,0.833138794890278
1,1,1,1,0,28,29.1267009131097,0.138522047002066,0.833138794890278
1,1,1,1,0,28,29.1267009131097,0.138522047002066,0.833138794890278
1,1,1,1,0,28,29.1267009131097,0.138522047002066,0.833138794890278
1,1,1,1,0,28,29.1267009131097,0.138522047002066,0.833138794890278
1,1,1,1,0,28,29.1267009131097,0.138522047002066,0.833138794890278
1,1,1,1,0,28,29.1267009131097,0.138522047002066,0.833138794890278
1,1,1,1,0,28,29.1267009131097,0.138522047002066,0.833138794890278
1,1,1,1,0,28,29.1267009131097,0.138522047002066,0.833138794890278
1,1,1,1,0,28,29.1267009131097,0.138522047002066,0.833138794890278
1,1,1,1,0,28,29.1267009131097,0.138522047002066,0.833138794890278
1,1,1,1,0,28,29.1267009131097,0.138522047002066,0.833138794890278
1,1,1,1,0,28,29.1267009131097,0.138522047002066,0.833138794890278
1,1,1,1,0,28,29.1267009131097,0.138522047002066,0.833138794890278
1,1,1,1,0,28,29.1267009131097,0.138522047002066,0.833138794890278
1,1,1,1,0,28,29.1267009131097,0.138522047002066,0.833138794890278
1,1,1,1,0,28,29.1267009131097,0.138522047002066,0.833138794890278
1,1,1,1,0,28,29.1267009131097,0.138522047002066,0.833138794890278
1,1,1,1,0,28,29.1267009131097,0.138522047002066,0.833138794890278
1,1,1,1,0,28,29.1267009131097,0.138522047002066,0.833138794890278
1,1,1,1,0,28,29.1267009131097,0.138522047002066,0.833138794890278
1,1,1,1,0,28,29.1267009131097,0.138522047002066,0.833138794890278
1,1,1,1,0,28,29.1267009131097,0.138522047002066,0.833138794890278
1,1,1,1,0,28,29.1267009131097,0.138522047002066,0.833138794890278
1,1,1,1,0,28,29.1267009131097,0.138522047002066,0.833138794890278
1,1,1,1,0,28,29.1267009131097,0.138522047002066,0.833138794890278
1,1,1,1,1,298,296.692872112091,0.606352425147686,0.854624109635069
1,1,1,1,1,298,296.692872112091,0.606352425147686,0.854624109635069
1,1,1,1,1,298,296.692872112091,0.606352425147686,0.854624109635069
1,1,1,1,1,298,296.692872112091,0.606352425147686,0.854624109635069
1,1,1,1,1,298,296.692872112091,0.606352425147686,0.854624109635069
1,1,1,1,1,298,296.692872112091,0.606352425147686,0.854624109635069
1,1,1,1,1,298,296.692872112091,0.606352425147686,0.854624109635069
1,1,1,1,1,298,296.692872112091,0.606352425147686,0.854624109635069
1,1,1,1,1,298,296.692872112091,0.606352425147686,0.854624109635069
1,1,1,1,1,298,296.692872112091,0.606352425147686,0.854624109635069
1,1,1,1,1,298,296.692872112091,0.606352425147686,0.854624109635069
1,1,1,1,1,298,296.692872112091,0.606352425147686,0.854624109635069
1,1,1,1,1,298,296.692872112091,0.606352425147686,0.854624109635069
1,1,1,1,1,298,296.692872112091,0.606352425147686,0.854624109635069
1,1,1,1,1,298,296.692872112091,0.606352425147686,0.854624109635069
1,1,1,1,1,298,296.692872112091,0.606352425147686,0.854624109635069
1,1,1,1,1,298,296.692872112091,0.606352425147686,0.854624109635069
1,1,1,1,1,298,296.692872112091,0.606352425147686,0.854624109635069
1,1,1,1,1,298,296.692872112091,0.606352425147686,0.854624109635069
1,1,1,1,1,298,296.692872112091,0.606352425147686,0.854624109635069
1,1,1,1,1,298,296.692872112091,0.606352425147686,0.854624109635069
1,1,1,1,1,298,296.692872112091,0.606352425147686,0.854624109635069
1,1,1,1,1,298,296.692872112091,0.606352425147686,0.854624109635069
1,1,1,1,1,298,296.692872112091,0.606352425147686,0.854624109635069
1,1,1,1,1,298,296.692872112091,0.606352425147686,0.854624109635069
1,1,1,1,1,298,296.692872112091,0.606352425147686,0.854624109635069
1,1,1,1,1,298,296.692872112091,0.606352425147686,0.854624109635069
1,1,1,1,1,298,296.692872112091,0.606352425147686,0.854624109635069
1,1,1,1,1,298,296.692872112091,0.606352425147686,0.854624109635069
1,1,1,1,1,298,296.692872112091,0.606352425147686,0.854624109635069
1,1,1,1,1,298,296.692872112091,0.606352425147686,0.854624109635069
1,1,1,1,1,298,296.692872112091,0.606352425147686,0.854624109635069
1,1,1,1,1,298,296.692872112091,0.606352425147686,0.854624109635069
1,1,1,1,1,298,296.692872112091,0.606352425147686,0.854624109635069
1,1,1,1,1,298,296.692872112091,0.606352425147686,0.854624109635069
1,1,1,1,1,298,296.692872112091,0.606352425147686,0.854624109635069
1,1,1,1,1,298,296.692872112091,0.606352425147686,0.854624109635069
1,1,1,1,1,298,296.692872112091,0.606352425147686,0.854624109635069
1,1,1,1,1,298,296.692872112091,0.606352425147686,0.854624109635069
1,1,1,1,1,298,296.692872112091,0.606352425147686,0.854624109635069
1,1,1,1,1,298,296.692872112091,0.606352425147686,0.854624109635069
1,1,1,1,1,298,296.692872112091,0.606352425147686,0.854624109635069
1,1,1,1,1,298,296.692872112091,0.606352425147686,0.854624109635069
1,1,1,1,1,298,296.692872112091,0.606352425147686,0.854624109635069
1,1,1,1,1,298,296.692872112091,0.606352425147686,0.854624109635069
1,1,1,1,1,298,296.692872112091,0.606352425147686,0.854624109635069
1,1,1,1,1,298,296.692872112091,0.606352425147686,0.854624109635069
1,1,1,1,1,298,296.692872112091,0.606352425147686,0.854624109635069
1,1,1,1,1,298,296.692872112091,0.606352425147686,0.854624109635069
1,1,1,1,1,298,296.692872112091,0.606352425147686,0.854624109635069
1,1,1,1,1,298,296.692872112091,0.606352425147686,0.854624109635069
1,1,1,1,1,298,296.692872112091,0.606352425147686,0.854624109635069
1,1,1,1,1,298,296.692872112091,0.606352425147686,0.854624109635069
1,1,1,1,1,298,296.692872112091,0.606352425147686,0.854624109635069
1,1,1,1,1,298,296.692872112091,0.606352425147686,0.854624109635069
1,1,1,1,1,298,296.692872112091,0.606352425147686,0.854624109635069
1,1,1,1,1,298,296.692872112091,0.606352425147686,0.854624109635069
1,1,1,1,1,298,296.692872112091,0.606352425147686,0.854624109635069
1,1,1,1,1,298,296.692872112091,0.606352425147686,0.854624109635069
1,1,1,1,1,298,296.692872112091,0.606352425147686,0.854624109635069
1,1,1,1,1,298,296.692872112091,0.606352425147686,0.854624109635069
1,1,1,1,1,298,296.692872112091,0.606352425147686,0.854624109635069
1,1,1,1,1,298,296.692872112091,0.606352425147686,0.854624109635069
1,1,1,1,1,298,296.692872112091,0.606352425147686,0.854624109635069
1,1,1,1,1,298,296.692872112091,0.606352425147686,0.854624109635069
1,1,1,1,1,298,296.692872112091,0.606352425147686,0.854624109635069
1,1,1,1,1,298,296.692872112091,0.606352425147686,0.854624109635069
1,1,1,1,1,298,296.692872112091,0.606352425147686,0.854624109635069
1,1,1,1,1,298,296.692872112091,0.606352425147686,0.854624109635069
1,1,1,1,1,298,296.692872112091,0.606352425147686,0.854624109635069
1,1,1,1,1,298,296.692872112091,0.606352425147686,0.854624109635069
1,1,1,1,1,298,296.692872112091,0.606352425147686,0.854624109635069
1,1,1,1,1,298,296.692872112091,0.606352425147686,0.854624109635069
1,1,1,1,1,298,296.692872112091,0.606352425147686,0.854624109635069
1,1,1,1,1,298,296.692872112091,0.606352425147686,0.854624109635069
1,1,1,1,1,298,296.692872112091,0.606352425147686,0.854624109635069
1,1,1,1,1,298,296.692872112091,0.606352425147686,0.854624109635069
1,1,1,1,1,298,296.692872112091,0.606352425147686,0.854624109635069
1,1,1,1,1,298,296.692872112091,0.606352425147686,0.854624109635069
1,1,1,1,1,298,296.692872112091,0.606352425147686,0.854624109635069
1,1,1,1,1,298,296.692872112091,0.606352425147686,0.854624109635069
1,1,1,1,1,298,296.692872112091,0.606352425147686,0.854624109635069
1,1,1,1,1,298,296.692872112091,0.606352425147686,0.854624109635069
1,1,1,1,1,298,296.692872112091,0.606352425147686,0.854624109635069
1,1,1,1,1,298,296.692872112091,0.606352425147686,0.854624109635069
1,1,1,1,1,298,296.692872112091,0.606352425147686,0.854624109635069
1,1,1,1,1,298,296.692872112091,0.606352425147686,0.854624109635069
1,1,1,1,1,298,296.692872112091,0.606352425147686,0.854624109635069
1,1,1,1,1,298,296.692872112091,0.606352425147686,0.854624109635069
1,1,1,1,1,298,296.692872112091,0.606352425147686,0.854624109635069
1,1,1,1,1,298,296.692872112091,0.606352425147686,0.854624109635069
1,1,1,1,1,298,296.692872112091,0.606352425147686,0.854624109635069
1,1,1,1,1,298,296.692872112091,0.606352425147686,0.854624109635069
1,1,1,1,1,298,296.692872112091,0.606352425147686,0.854624109635069
1,1,1,1,1,298,296.692872112091,0.606352425147686,0.854624109635069
1,1,1,1,1,298,296.692872112091,0.606352425147686,0.854624109635069
1,1,1,1,1,298,296.692872112091,0.606352425147686,0.854624109635069
1,1,1,1,1,298,296.692872112091,0.606352425147686,0.854624109635069
1,1,1,1,1,298,296.692872112091,0.606352425147686,0.854624109635069
1,1,1,1,1,298,296.692872112091,0.606352425147686,0.854624109635069
1,1,1,1,1,298,296.692872112091,0.606352425147686,0.854624109635069
1,1,1,1,1,298,296.692872112091,0.606352425147686,0.854624109635069
1,1,1,1,1,298,296.692872112091,0.606352425147686,0.854624109635069
1,1,1,1,1,298,296.692872112091,0.606352425147686,0.854624109635069
1,1,1,1,1,298,296.692872112091,0.606352425147686,0.854624109635069
1,1,1,1,1,298,296.692872112091,0.606352425147686,0.854624109635069
1,1,1,1,1,298,296.692872112091,0.606352425147686,0.854624109635069
1,1,1,1,1,298,296.692872112091,0.606352425147686,0.854624109635069
1,1,1,1,1,298,296.692872112091,0.606352425147686,0.854624109635069
1,1,1,1,1,298,296.692872112091,0.606352425147686,0.854624109635069
1,1,1,1,1,298,296.692872112091,0.606352425147686,0.854624109635069
1,1,1,1,1,298,296.692872112091,0.606352425147686,0.854624109635069
1,1,1,1,1,298,296.692872112091,0.606352425147686,0.854624109635069
1,1,1,1,1,298,296.692872112091,0.606352425147686,0.854624109635069
1,1,1,1,1,298,296.692872112091,0.606352425147686,0.854624109635069
1,1,1,1,1,298,296.692872112091,0.606352425147686,0.854624109635069
1,1,1,1,1,298,296.692872112091,0.606352425147686,0.854624109635069
1,1,1,1,1,298,296.692872112091,0.606352425147686,0.854624109635069
1,1,1,1,1,298,296.692872112091,0.606352425147686,0.854624109635069
1,1,1,1,1,298,296.692872112091,0.606352425147686,0.854624109635069
1,1,1,1,1,298,296.692872112091,0.606352425147686,0.854624109635069
1,1,1,1,1,298,296.692872112091,0.606352425147686,0.854624109635069
1,1,1,1,1,298,296.692872112091,0.606352425147686,0.854624109635069
1,1,1,1,1,298,296.692872112091,0.606352425147686,0.854624109635069
1,1,1,1,1,298,296.692872112091,0.606352425147686,0.854624109635069
1,1,1,1,1,298,296.692872112091,0.606352425147686,0.854624109635069
1,1,1,1,1,298,296.692872112091,0.606352425147686,0.854624109635069
1,1,1,1,1,298,296.692872112091,0.606352425147686,0.854624109635069
1,1,1,1,1,298,296.692872112091,0.606352425147686,0.854624109635069
1,1,1,1,1,298,296.692872112091,0.606352425147686,0.854624109635069
1,1,1,1,1,298,296.692872112091,0.606352425147686,0.854624109635069
1,1,1,1,1,298,296.692872112091,0.606352425147686,0.854624109635069
1,1,1,1,1,298,296.692872112091,0.606352425147686,0.854624109635069
1,1,1,1,1,298,296.692872112091,0.606352425147686,0.854624109635069
1,1,1,1,1,298,296.692872112091,0.606352425147686,0.854624109635069
1,1,1,1,1,298,296.692872112091,0.606352425147686,0.854624109635069
1,1,1,1,1,298,296.692872112091,0.606352425147686,0.854624109635069
1,1,1,1,1,298,296.692872112091,0.606352425147686,0.854624109635069
1,1,1,1,1,298,296.692872112091,0.606352425147686,0.854624109635069
1,1,1,1,1,298,296.692872112091,0.606352425147686,0.854624109635069
1,1,1,1,1,298,296.692872112091,0.606352425147686,0.854624109635069
1,1,1,1,1,298,296.692872112091,0.606352425147686,0.854624109635069
1,1,1,1,1,298,296.692872112091,0.606352425147686,0.854624109635069
1,1,1,1,1,298,296.692872112091,0.606352425147686,0.854624109635069
1,1,1,1,1,298,296.692872112091,0.606352425147686,0.854624109635069
1,1,1,1,1,298,296.692872112091,0.606352425147686,0.854624109635069
1,1,1,1,1,298,296.692872112091,0.606352425147686,0.854624109635069
1,1,1,1,1,298,296.692872112091,0.606352425147686,0.854624109635069
1,1,1,1,1,298,296.692872112091,0.606352425147686,0.854624109635069
1,1,1,1,1,298,296.692872112091,0.606352425147686,0.854624109635069
1,1,1,1,1,298,296.692872112091,0.606352425147686,0.854624109635069
1,1,1,1,1,298,296.692872112091,0.606352425147686,0.854624109635069
1,1,1,1,1,298,296.692872112091,0.606352425147686,0.854624109635069
1,1,1,1,1,298,296.692872112091,0.606352425147686,0.854624109635069
1,1,1,1,1,298,296.692872112091,0.606352425147686,0.854624109635069
1,1,1,1,1,298,296.692872112091,0.606352425147686,0.854624109635069
1,1,1,1,1,298,296.692872112091,0.606352425147686,0.854624109635069
1,1,1,1,1,298,296.692872112091,0.606352425147686,0.854624109635069
1,1,1,1,1,298,296.692872112091,0.606352425147686,0.854624109635069
1,1,1,1,1,298,296.692872112091,0.606352425147686,0.854624109635069
1,1,1,1,1,298,296.692872112091,0.606352425147686,0.854624109635069
1,1,1,1,1,298,296.692872112091,0.606352425147686,0.854624109635069
1,1,1,1,1,298,296.692872112091,0.606352425147686,0.854624109635069
1,1,1,1,1,298,296.692872112091,0.606352425147686,0.854624109635069
1,1,1,1,1,298,296.692872112091,0.606352425147686,0.854624109635069
1,1,1,1,1,298,296.692872112091,0.606352425147686,0.854624109635069
1,1,1,1,1,298,296.692872112091,0.606352425147686,0.854624109635069
1,1,1,1,1,298,296.692872112091,0.606352425147686,0.854624109635069
1,1,1,1,1,298,296.692872112091,0.606352425147686,0.854624109635069
1,1,1,1,1,298,296.692872112091,0.606352425147686,0.854624109635069
1,1,1,1,1,298,296.692872112091,0.606352425147686,0.854624109635069
1,1,1,1,1,298,296.692872112091,0.606352425147686,0.854624109635069
1,1,1,1,1,298,296.692872112091,0.606352425147686,0.854624109635069
1,1,1,1,1,298,296.692872112091,0.606352425147686,0.854624109635069
1,1,1,1,1,298,296.692872112091,0.606352425147686,0.854624109635069
1,1,1,1,1,298,296.692872112091,0.606352425147686,0.854624109635069
1,1,1,1,1,298,296.692872112091,0.606352425147686,0.854624109635069
1,1,1,1,1,298,296.692872112091,0.606352425147686,0.854624109635069
1,1,1,1,1,298,296.692872112091,0.606352425147686,0.854624109635069
1,1,1,1,1,298,296.692872112091,0.606352425147686,0.854624109635069
1,1,1,1,1,298,296.692872112091,0.606352425147686,0.854624109635069
1,1,1,1,1,298,296.692872112091,0.606352425147686,0.854624109635069
1,1,1,1,1,298,296.692872112091,0.606352425147686,0.854624109635069
1,1,1,1,1,298,296.692872112091,0.606352425147686,0.854624109635069
1,1,1,1,1,298,296.692872112091,0.606352425147686,0.854624109635069
1,1,1,1,1,298,296.692872112091,0.606352425147686,0.854624109635069
1,1,1,1,1,298,296.692872112091,0.606352425147686,0.854624109635069
1,1,1,1,1,298,296.692872112091,0.606352425147686,0.854624109635069
1,1,1,1,1,298,296.692872112091,0.606352425147686,0.854624109635069
1,1,1,1,1,298,296.692872112091,0.606352425147686,0.854624109635069
1,1,1,1,1,298,296.692872112091,0.606352425147686,0.854624109635069
1,1,1,1,1,298,296.692872112091,0.606352425147686,0.854624109635069
1,1,1,1,1,298,296.692872112091,0.606352425147686,0.854624109635069
1,1,1,1,1,298,296.692872112091,0.606352425147686,0.854624109635069
1,1,1,1,1,298,296.692872112091,0.606352425147686,0.854624109635069
1,1,1,1,1,298,296.692872112091,0.606352425147686,0.854624109635069
1,1,1,1,1,298,296.692872112091,0.606352425147686,0.854624109635069
1,1,1,1,1,298,296.692872112091,0.606352425147686,0.854624109635069
1,1,1,1,1,298,296.692872112091,0.606352425147686,0.854624109635069
1,1,1,1,1,298,296.692872112091,0.606352425147686,0.854624109635069
1,1,1,1,1,298,296.692872112091,0.606352425147686,0.854624109635069
1,1,1,1,1,298,296.692872112091,0.606352425147686,0.854624109635069
1,1,1,1,1,298,296.692872112091,0.606352425147686,0.854624109635069
1,1,1,1,1,298,296.692872112091,0.606352425147686,0.854624109635069
1,1,1,1,1,298,296.692872112091,0.606352425147686,0.854624109635069
1,1,1,1,1,298,296.692872112091,0.606352425147686,0.854624109635069
1,1,1,1,1,298,296.692872112091,0.606352425147686,0.854624109635069
1,1,1,1,1,298,296.692872112091,0.606352425147686,0.854624109635069
1,1,1,1,1,298,296.692872112091,0.606352425147686,0.854624109635069
1,1,1,1,1,298,296.692872112091,0.606352425147686,0.854624109635069
1,1,1,1,1,298,296.692872112091,0.606352425147686,0.854624109635069
1,1,1,1,1,298,296.692872112091,0.606352425147686,0.854624109635069
1,1,1,1,1,298,296.692872112091,0.606352425147686,0.854624109635069
1,1,1,1,1,298,296.692872112091,0.606352425147686,0.854624109635069
1,1,1,1,1,298,296.692872112091,0.606352425147686,0.854624109635069
1,1,1,1,1,298,296.692872112091,0.606352425147686,0.854624109635069
1,1,1,1,1,298,296.692872112091,0.606352425147686,0.854624109635069
1,1,1,1,1,298,296.692872112091,0.606352425147686,0.854624109635069
1,1,1,1,1,298,296.692872112091,0.606352425147686,0.854624109635069
1,1,1,1,1,298,296.692872112091,0.606352425147686,0.854624109635069
1,1,1,1,1,298,296.692872112091,0.606352425147686,0.854624109635069
1,1,1,1,1,298,296.692872112091,0.606352425147686,0.854624109635069
1,1,1,1,1,298,296.692872112091,0.606352425147686,0.854624109635069
1,1,1,1,1,298,296.692872112091,0.606352425147686,0.854624109635069
1,1,1,1,1,298,296.692872112091,0.606352425147686,0.854624109635069
1,1,1,1,1,298,296.692872112091,0.606352425147686,0.854624109635069
1,1,1,1,1,298,296.692872112091,0.606352425147686,0.854624109635069
1,1,1,1,1,298,296.692872112091,0.606352425147686,0.854624109635069
1,1,1,1,1,298,296.692872112091,0.606352425147686,0.854624109635069
1,1,1,1,1,298,296.692872112091,0.606352425147686,0.854624109635069
1,1,1,1,1,298,296.692872112091,0.606352425147686,0.854624109635069
1,1,1,1,1,298,296.692872112091,0.606352425147686,0.854624109635069
1,1,1,1,1,298,296.692872112091,0.606352425147686,0.854624109635069
1,1,1,1,1,298,296.692872112091,0.606352425147686,0.854624109635069
1,1,1,1,1,298,296.692872112091,0.606352425147686,0.854624109635069
1,1,1,1,1,298,296.692872112091,0.606352425147686,0.854624109635069
1,1,1,1,1,298,296.692872112091,0.606352425147686,0.854624109635069
1,1,1,1,1,298,296.692872112091,0.606352425147686,0.854624109635069
1,1,1,1,1,298,296.692872112091,0.606352425147686,0.854624109635069
1,1,1,1,1,298,296.692872112091,0.606352425147686,0.854624109635069
1,1,1,1,1,298,296.692872112091,0.606352425147686,0.854624109635069
1,1,1,1,1,298,296.692872112091,0.606352425147686,0.854624109635069
1,1,1,1,1,298,296.692872112091,0.606352425147686,0.854624109635069
1,1,1,1,1,298,296.692872112091,0.606352425147686,0.854624109635069
1,1,1,1,1,298,296.692872112091,0.606352425147686,0.854624109635069
1,1,1,1,1,298,296.692872112091,0.606352425147686,0.854624109635069
1,1,1,1,1,298,296.692872112091,0.606352425147686,0.854624109635069
1,1,1,1,1,298,296.692872112091,0.606352425147686,0.854624109635069
1,1,1,1,1,298,296.692872112091,0.606352425147686,0.854624109635069
1,1,1,1,1,298,296.692872112091,0.606352425147686,0.854624109635069
1,1,1,1,1,298,296.692872112091,0.606352425147686,0.854624109635069
1,1,1,1,1,298,296.692872112091,0.606352425147686,0.854624109635069
1,1,1,1,1,298,296.692872112091,0.606352425147686,0.854624109635069
1,1,1,1,1,298,296.692872112091,0.606352425147686,0.854624109635069
1,1,1,1,1,298,296.692872112091,0.606352425147686,0.854624109635069
1,1,1,1,1,298,296.692872112091,0.606352425147686,0.854624109635069
1,1,1,1,1,298,296.692872112091,0.606352425147686,0.854624109635069
1,1,1,1,1,298,296.692872112091,0.606352425147686,0.854624109635069
1,1,1,1,1,298,296.692872112091,0.606352425147686,0.854624109635069
1,1,1,1,1,298,296.692872112091,0.606352425147686,0.854624109635069
1,1,1,1,1,298,296.692872112091,0.606352425147686,0.854624109635069
1,1,1,1,1,298,296.692872112091,0.606352425147686,0.854624109635069
1,1,1,1,1,298,296.692872112091,0.606352425147686,0.854624109635069
1,1,1,1,1,298,296.692872112091,0.606352425147686,0.854624109635069
1,1,1,1,1,298,296.692872112091,0.606352425147686,0.854624109635069
1,1,1,1,1,298,296.692872112091,0.606352425147686,0.854624109635069
1,1,1,1,1,298,296.692872112091,0.606352425147686,0.854624109635069
1,1,1,1,1,298,296.692872112091,0.606352425147686,0.854624109635069
1,1,1,1,1,298,296.692872112091,0.606352425147686,0.854624109635069
1,1,1,1,1,298,296.692872112091,0.606352425147686,0.854624109635069
1,1,1,1,1,298,296.692872112091,0.606352425147686,0.854624109635069
1,1,1,1,1,298,296.692872112091,0.606352425147686,0.854624109635069
1,1,1,1,1,298,296.692872112091,0.606352425147686,0.854624109635069
1,1,1,1,1,298,296.692872112091,0.606352425147686,0.854624109635069
1,1,1,1,1,298,296.692872112091,0.606352425147686,0.854624109635069
1,1,1,1,1,298,296.692872112091,0.606352425147686,0.854624109635069
1,1,1,1,1,298,296.692872112091,0.606352425147686,0.854624109635069
1,1,1,1,1,298,296.692872112091,0.606352425147686,0.854624109635069
1,1,1,1,1,298,296.692872112091,0.606352425147686,0.854624109635069
1,1,1,1,1,298,296.692872112091,0.606352425147686,0.854624109635069
1,1,1,1,1,298,296.692872112091,0.606352425147686,0.854624109635069
1,1,1,1,1,298,296.692872112091,0.606352425147686,0.854624109635069
1,1,1,1,1,298,296.692872112091,0.606352425147686,0.854624109635069
1,1,1,1,1,298,296.692872112091,0.606352425147686,0.854624109635069
1,1,1,1,1,298,296.692872112091,0.606352425147686,0.854624109635069
1,1,1,1,1,298,296.692872112091,0.606352425147686,0.854624109635069
1,1,1,1,1,298,296.692872112091,0.606352425147686,0.854624109635069
1,1,1,1,1,298,296.692872112091,0.606352425147686,0.854624109635069
1,1,1,1,1,298,296.692872112091,0.606352425147686,0.854624109635069
1,1,1,1,1,298,296.692872112091,0.606352425147686,0.854624109635069
1,1,1,1,1,298,296.692872112091,0.606352425147686,0.854624109635069
1,1,1,1,1,298,296.692872112091,0.606352425147686,0.854624109635069
1,1,1,1,1,298,296.692872112091,0.606352425147686,0.854624109635069
1,1,1,1,1,298,296.692872112091,0.606352425147686,0.854624109635069
1,1,1,1,1,298,296.692872112091,0.606352425147686,0.854624109635069
1,1,1,1,1,298,296.692872112091,0.606352425147686,0.854624109635069
1,1,1,1,1,298,296.692872112091,0.606352425147686,0.854624109635069
1,1,1,1,1,298,296.692872112091,0.606352425147686,0.854624109635069
